DEPARTAMENTO,MUNICIPIO,OPERADORA,CONTRATO,CAMPO,ENERO,FEBRERO,MARZO,ABRIL,MAYO,JUNIO,JULIO,AGOSTO,SEPTIEMBRE,OCTUBRE,NOVIEMBRE,DICIEMBRE
ANTIOQUIA,PUERTO NARE,ECOPETROL S.A.,OPERACION-DIRECTA ECOPETROL,AREA TECA-COCORNA,1231,1109,1026,1036,1047,1122,1133,1164,1130,1078,1156,1099
ANTIOQUIA,PUERTO NARE,MANSAROVAR ENERGY COLOMBIA LTD,NARE ASOCIACION,NARE,272,257,253,233,262,216,194,162,232,244,222,209
ANTIOQUIA,PUERTO NARE,MANSAROVAR ENERGY COLOMBIA LTD,NARE ASOCIACION,UNDERRIVER,936,797,880,900,994,802,765,815,888,846,720,833
ANTIOQUIA,PUERTO TRIUNFO,ECOPETROL S.A.,OPERACION-DIRECTA ECOPETROL,AREA TECA-COCORNA,393,386,362,365,396,382,369,342,280,264,282,278
ANTIOQUIA,YONDO,ECOPETROL S.A.,CASABE,CASABE,12745,12535,12756,12720,12492,13127,12377,12084,11965,11751,11932,11634
ANTIOQUIA,YONDO,ECOPETROL S.A.,CASABE,CASABE SUR,2301,2487,2393,2268,2187,2277,2323,2274,2125,2254,2194,2123
ANTIOQUIA,YONDO,ECOPETROL S.A.,CASABE,PEÑAS BLANCAS,1437,1532,1420,1399,1391,1193,1193,1182,1190,1204,1200,1118
ARAUCA,ARAUCA,OCCIDENTAL DE COLOMBIA LLC,CHIPIRON,CHIPIRÓN,11376,13009,3673,12833,11878,11159,10682,11371,11045,10036,9120,8406
ARAUCA,ARAUCA,OCCIDENTAL DE COLOMBIA LLC,CHIPIRON,GALEMBO,5,0,54,400,297,234,215,233,262,253,38,226
ARAUCA,ARAUCA,OCCIDENTAL DE COLOMBIA LLC,CHIPIRON,MACANA,111,524,209,440,505,519,422,455,397,350,454,407
ARAUCA,ARAUCA,OCCIDENTAL DE COLOMBIA LLC,CRAVO NORTE,CAÑO LIMÓN,21342,20543,1472,19513,21137,21463,17795,20321,20343,20225,18639,20420
ARAUCA,ARAUCA,OCCIDENTAL DE COLOMBIA LLC,CRAVO NORTE,CAÑO YARUMAL,4033,3714,172,3455,3991,3922,2720,3487,3738,3454,3678,3773
ARAUCA,ARAUCA,OCCIDENTAL DE COLOMBIA LLC,CRAVO NORTE,TONINA,16,32,0,24,18,21,14,22,23,22,19,14
ARAUCA,ARAUQUITA,OCCIDENTAL DE COLOMBIA LLC,CHIPIRON,ARAGUATO,150,138,21,148,150,138,197,211,210,211,224,237
ARAUCA,ARAUQUITA,OCCIDENTAL DE COLOMBIA LLC,CHIPIRON,BAYONERO,202,901,220,508,245,144,874,507,678,615,518,711
ARAUCA,ARAUQUITA,OCCIDENTAL DE COLOMBIA LLC,CHIPIRON,CHIPIRÓN,338,298,83,293,126,178,145,194,213,226,434,607
ARAUCA,ARAUQUITA,OCCIDENTAL DE COLOMBIA LLC,CHIPIRON,GALEMBO,0,0,0,0,0,0,0,0,0,0,186,0
ARAUCA,ARAUQUITA,OCCIDENTAL DE COLOMBIA LLC,CHIPIRON,JIBA UNIFICADO,207,170,0,148,149,138,119,153,151,154,108,110
ARAUCA,ARAUQUITA,OCCIDENTAL DE COLOMBIA LLC,COSECHA,CANAGUEY,1564,1590,364,1516,1432,1469,656,702,1193,1419,1495,1435
ARAUCA,ARAUQUITA,OCCIDENTAL DE COLOMBIA LLC,COSECHA,GOLONDRINA,0,0,0,0,0,0,0,0,0,238,0,0
ARAUCA,ARAUQUITA,OCCIDENTAL DE COLOMBIA LLC,COSECHA,MORROCOY,308,262,44,304,301,106,64,88,92,152,190,225
ARAUCA,ARAUQUITA,OCCIDENTAL DE COLOMBIA LLC,COSECHA,REX,163,148,34,141,165,142,212,251,271,317,347,409
ARAUCA,ARAUQUITA,OCCIDENTAL DE COLOMBIA LLC,COSECHA,REX NE,0,0,0,0,0,0,0,0,0,0,0,9
ARAUCA,ARAUQUITA,OCCIDENTAL DE COLOMBIA LLC,COSECHA,TERECAY,1298,1064,336,1057,1101,1104,1070,1081,803,1115,1160,1458
ARAUCA,ARAUQUITA,OCCIDENTAL DE COLOMBIA LLC,CRAVO NORTE,CAÑO LIMÓN,55,48,0,49,58,52,3,44,54,53,51,58
ARAUCA,ARAUQUITA,OCCIDENTAL DE COLOMBIA LLC,CRAVO NORTE,REDONDO,1553,1391,171,1219,1222,1160,740,996,1122,1027,1024,1344
ARAUCA,ARAUQUITA,OCCIDENTAL DE COLOMBIA LLC,RONDON,CAÑO RONDÓN,3338,3302,834,4481,5109,4997,4163,4656,4567,3802,3178,2917
ARAUCA,ARAUQUITA,OCCIDENTAL DE COLOMBIA LLC,RONDON,CARICARE,3331,3320,718,3265,3428,3401,2972,3204,3266,3282,3192,3146
ARAUCA,SARAVENA,ECOPETROL S.A.,ARAUCA,ARAUCA,0,0,0,0,0,0,0,0,0,6,3,3
ARAUCA,TAME,PAREX RESOURCES COLOMBIA LTD. SUCURSAL,CAPACHOS,CAPACHOS,0,0,0,0,0,0,0,0,0,182,629,989
ATLANTICO,SABANALARGA,LEWIS ENERGY COLOMBIA INC,CONTRATO DE EXPLORACIÓN Y PRODUCCIÓN SINÚ SAN JACINTO NORTE 1,BULLERENGUE,45,26,22,18,18,56,0,48,132,115,181,210
BOLIVAR,CANTAGALLO,ECOPETROL S.A.,YARIGUI-CANTAGALLO,YARIGUÍ-CANTAGALLO,9683,9819,9369,9516,9780,9593,9715,9555,9568,9352,8990,8972
BOLIVAR,CICUCO,ECOPETROL S.A.,CICUCO,CICUCO,481,481,478,481,480,481,469,461,450,459,448,398
BOLIVAR,TALAIGUA NUEVO,ECOPETROL S.A.,CICUCO,BOQUETE,52,31,34,43,55,40,41,47,44,17,0,11
BOLIVAR,TALAIGUA NUEVO,ECOPETROL S.A.,CICUCO,CICUCO,247,239,246,238,238,244,254,269,264,249,245,236
CASANARE,VILLANUEVA,GEOPARK COLOMBIA S.A.S.,E&P LLANOS 34,JACAMAR,0,0,0,0,0,0,0,0,0,365,0,0
CASANARE,VILLANUEVA,GEOPARK COLOMBIA S.A.S.,E&P LLANOS 34,JACAMAR,0,0,0,0,0,0,0,0,0,0,286,146
BOYACA,CORRALES,UNION TEMPORAL OMEGA ENERGY,BUENAVISTA,CORRALES,339,326,323,142,20,237,302,316,376,285,247,405
BOYACA,PUERTO BOYACA,ECOPETROL ALTO MAGDALENA,PALAGUA,CAIPAL,837,883,882,878,875,872,841,843,860,805,807,814
BOYACA,PUERTO BOYACA,ECOPETROL ALTO MAGDALENA,PALAGUA,PALAGUA,5708,5571,5569,5635,5610,5656,5670,5896,5741,5822,5563,5534
BOYACA,PUERTO BOYACA,MANSAROVAR ENERGY COLOMBIA LTD,GUAGUAQUI TERAN,VELASQUEZ,3348,3449,3250,3182,3324,3247,3135,3179,3226,3104,3097,3170
BOYACA,PUERTO BOYACA,MANSAROVAR ENERGY COLOMBIA LTD,NARE ASOCIACION,ABARCO,3550,3914,3399,3339,3654,3773,3809,3596,3204,3441,3236,3306
BOYACA,PUERTO BOYACA,MANSAROVAR ENERGY COLOMBIA LTD,NARE ASOCIACION,GIRASOL,3830,3924,3723,3908,3784,3546,3468,3336,3619,3613,3485,3494
BOYACA,PUERTO BOYACA,MANSAROVAR ENERGY COLOMBIA LTD,NARE ASOCIACION,JAZMIN,4642,4490,4447,4608,4601,4503,4473,4377,4476,4421,4414,4455
BOYACA,PUERTO BOYACA,MANSAROVAR ENERGY COLOMBIA LTD,NARE ASOCIACION,MORICHE,14175,14053,13922,13587,12798,12530,12835,12554,13080,12487,12445,12390
BOYACA,PUERTO BOYACA,MANSAROVAR ENERGY COLOMBIA LTD,NARE ASOCIACION,UNDERRIVER,1685,1748,1763,1457,1358,1439,1482,1415,1422,1324,1788,1636
BOYACA,PUERTO BOYACA,PAREX RESOURCES COLOMBIA LTD. SUCURSAL,VMM-11,GLAUCA,0,0,0,0,0,0,0,0,1,94,65,0
BOYACA,TOPAGA,UNION TEMPORAL OMEGA ENERGY,BUENAVISTA,BOLÍVAR,44,46,50,49,48,47,47,47,46,45,45,45
CASANARE,AGUAZUL,CEPSA COLOMBIA S.A. - CEPCOLSA,E&P LLANOS 22,RAMIRIQUI,2044,1518,1592,1489,2150,2561,2349,2303,2536,2495,2420,2350
CASANARE,AGUAZUL,ECOPETROL LLANOS,CUSIANA NORTE,CUSIANA NORTE,1488,1513,1479,1546,1519,0,0,0,0,0,0,0
CASANARE,AGUAZUL,ECOPETROL LLANOS,ECOP-SDLA-OP-DIRECTA,CUPIAGUA,7703,7576,7493,7219,7438,0,0,0,0,0,0,0
CASANARE,AGUAZUL,ECOPETROL LLANOS,ECOP-SDLA-OP-DIRECTA,CUPIAGUA SUR,2529,2535,2540,2520,2344,0,0,0,0,0,0,0
CASANARE,AGUAZUL,ECOPETROL S.A.,CUSIANA NORTE,CUSIANA NORTE,0,0,0,0,0,1630,1661,1621,1631,1389,1494,1497
CASANARE,AGUAZUL,ECOPETROL S.A.,ECOP-SDLA-OP-DIRECTA,CUPIAGUA,0,0,0,0,0,7219,6332,6507,6429,6782,6585,6149
CASANARE,AGUAZUL,ECOPETROL S.A.,ECOP-SDLA-OP-DIRECTA,CUPIAGUA SUR,0,0,0,0,0,2349,2148,2102,2109,2114,2013,2061
CASANARE,AGUAZUL,ECOPETROL S.A.,RECETOR EQUION,CUPIAGUA LIRIA,0,0,0,0,0,3620,0,3402,3317,3403,3400,3211
CASANARE,AGUAZUL,EQUION ENERGÍA LIMITED,RECETOR EQUION,CUPIAGUA LIRIA,3632,3673,3662,3530,3359,0,3391,0,0,0,0,0
CASANARE,AGUAZUL,PAREX RESOURCES COLOMBIA LTD. SUCURSAL,E&P LLANOS 26,RUMBA,4558,3208,3708,4638,3572,2897,2716,2676,2468,2312,2323,1833
CASANARE,AGUAZUL,PERENCO COLOMBIA LIMITED,CASANARE,LA GLORIA,209,206,216,215,213,202,185,187,195,177,302,633
CASANARE,MANI,CEPSA COLOMBIA S.A. - CEPCOLSA,PUNTERO,ONCA,633,609,602,522,0,0,0,0,0,0,0,318
CASANARE,MANI,COLOMBIA ENERGY DEVELOPMENT CO.,ALCARAVAN,ESTERO,99,99,99,99,99,98,99,99,98,83,0,71
CASANARE,MANI,COLOMBIA ENERGY DEVELOPMENT CO.,LOS HATOS,LOS HATOS,0,32,52,51,51,51,51,44,50,44,44,44
CASANARE,MANI,DCX S.A.S.,MORICHITO,MORICHITO,61,52,31,52,54,53,33,34,52,52,48,42
CASANARE,MANI,ECOPETROL D. SUR,LA PUNTA - CDND/I,LA PUNTA,397,424,428,472,509,0,0,0,0,0,0,0
CASANARE,MANI,ECOPETROL S.A.,LA PUNTA - CDND/I,LA PUNTA,0,0,0,0,0,507,508,497,485,495,495,499
CASANARE,MANI,ECOPETROL S.A.,UPIA-ECOPETROL,SANTIAGO,854,851,833,810,691,593,587,576,591,566,645,799
CASANARE,MANI,EMERALD ENERGY PLC SUCURSAL COLOMBIA,CAMPO RICO,CAMPO RICO,0,54,282,381,332,358,362,345,346,339,322,340
CASANARE,MANI,EMERALD ENERGY PLC SUCURSAL COLOMBIA,CAMPO RICO,CENTAURO SUR,0,0,4,58,71,75,76,66,67,70,64,120
CASANARE,MANI,PERENCO COLOMBIA LIMITED,CASANARE,LA GLORIA,267,283,317,311,323,293,278,283,309,310,320,294
CASANARE,MANI,PETROLEOS SUD AMERICANOS SUCURSAL COLOMBIA,ENTRERRIOS,ENTRERRIOS,775,715,714,797,776,746,752,733,710,691,656,612
CASANARE,MANI,PETROMINERALES COLOMBIA LTD SUCURSAL COLOMBIA,CASIMENA,MANTIS,1178,1153,1171,1135,1007,999,1006,1002,986,971,969,953
CASANARE,MANI,PETROMINERALES COLOMBIA LTD SUCURSAL COLOMBIA,CASIMENA,PISINGO,1298,821,545,1056,1046,1062,1051,1036,1004,994,993,980
CASANARE,MANI,PETROMINERALES COLOMBIA LTD SUCURSAL COLOMBIA,CASIMENA,YENAC,657,516,360,458,586,597,599,595,592,579,577,556
CASANARE,MANI,VERANO ENERGY (BARBADOS) LIMITED,E&P LLANOS 32,BANDOLA,0,0,14,0,0,0,0,0,0,0,0,0
CASANARE,MANI,VERANO ENERGY (BARBADOS) LIMITED,E&P LLANOS 32,MANICEÑO,0,0,7,0,0,0,0,0,0,0,0,0
CASANARE,MONTERREY,PETROMINERALES COLOMBIA LTD SUCURSAL COLOMBIA,Canaguaro E&P-016 del 2006,Canaguay,894,825,722,598,309,76,25,179,154,429,450,231
CASANARE,MUNICIPIO NN CASANARE,EQUION ENERGÍA LIMITED,NISCOTA,HURÓN,0,0,0,0,0,0,0,0,0,2428,3125,2884
CASANARE,MUNICIPIO NN CASANARE,NEW GRANADA ENERGY CORPORATION SUCURSAL COLOMBIA,DOROTEA,DOROTEA E,84,86,86,85,86,86,85,85,84,85,85,84
CASANARE,NUNCHIA,PERENCO COLOMBIA LIMITED,CASANARE,TIERRA BLANCA,8,2,0,0,0,6,5,0,0,0,0,0
CASANARE,OROCUE,CANACOL ENERGY COLOMBIA S.A.,RANCHO HERMOSO ACUERDO PART CASANARE,RANCHO HERMOSO,0,0,0,0,1347,1318,1291,1251,1238,1222,1319,1328
CASANARE,OROCUE,CANACOL ENERGY COLOMBIA S.A.,RANCHO HERMOSO ACUERDO PART CASANARE-CANACOL,RANCHO HERMOSO 4,1049,1198,1132,1364,0,0,0,0,0,0,0,0
CASANARE,OROCUE,CNE OIL & GAS S.A.S,E&P LLANOS 23,LABRADOR,1027,1021,950,893,884,812,791,750,761,747,721,716
CASANARE,OROCUE,COLOMBIA ENERGY DEVELOPMENT CO.,ALCARAVAN,CANACABARE,0,0,0,261,1338,1319,959,834,773,710,630,569
CASANARE,OROCUE,EMERALD ENERGY PLC SUCURSAL COLOMBIA,CAMPO RICO,VIGIA SUR,889,875,887,873,673,914,900,857,875,853,850,834
CASANARE,OROCUE,GRUPO C&C ENERGIA (BARBADOS) SUCURSAL COLOMBIA,CACHICAMO-026-22008,ANDARRIOS,204,204,200,196,201,204,195,184,177,170,165,158
CASANARE,OROCUE,GRUPO C&C ENERGIA (BARBADOS) SUCURSAL COLOMBIA,CACHICAMO-026-22008,CIRIGÜELO,245,238,196,184,173,190,205,202,194,176,173,193
CASANARE,OROCUE,GRUPO C&C ENERGIA (BARBADOS) SUCURSAL COLOMBIA,CACHICAMO-026-22008,GRETA OTO,215,211,214,206,207,203,196,199,195,190,182,180
CASANARE,OROCUE,GRUPO C&C ENERGIA (BARBADOS) SUCURSAL COLOMBIA,CACHICAMO-026-22008,GUACHARACA,237,236,229,227,229,223,217,207,204,201,199,191
CASANARE,OROCUE,GRUPO C&C ENERGIA (BARBADOS) SUCURSAL COLOMBIA,CACHICAMO-026-22008,HOATZIN,108,112,103,97,101,95,80,67,75,81,77,76
CASANARE,OROCUE,GRUPO C&C ENERGIA (BARBADOS) SUCURSAL COLOMBIA,CACHICAMO-026-22008,HOATZIN NORTE,285,305,318,311,294,306,313,299,297,299,286,272
CASANARE,OROCUE,GRUPO C&C ENERGIA (BARBADOS) SUCURSAL COLOMBIA,CRAVOVIEJO,BASTIDAS,290,248,242,263,272,285,214,132,142,95,41,43
CASANARE,OROCUE,GRUPO C&C ENERGIA (BARBADOS) SUCURSAL COLOMBIA,CRAVOVIEJO,CARRIZALES,1002,1029,961,933,955,899,819,791,752,703,660,672
CASANARE,OROCUE,GRUPO C&C ENERGIA (BARBADOS) SUCURSAL COLOMBIA,CRAVOVIEJO,MATEMARRANO,193,201,195,189,179,168,170,172,162,152,141,129
CASANARE,OROCUE,GRUPO C&C ENERGIA (BARBADOS) SUCURSAL COLOMBIA,CRAVOVIEJO,SAIMIRÍ,352,339,320,306,326,339,182,182,164,155,102,198
CASANARE,OROCUE,GRUPO C&C ENERGIA (BARBADOS) SUCURSAL COLOMBIA,CRAVOVIEJO,ZOPILOTE,1699,1695,1654,1556,1489,1454,1467,1473,1493,1481,1475,1444
CASANARE,OROCUE,INTEROIL COLOMBIA EXPLORATION AND PRODUCTION,ALTAIR,ALTAIR,57,57,51,51,54,41,26,51,49,52,30,55
CASANARE,OROCUE,INTEROIL COLOMBIA EXPLORATION AND PRODUCTION,ALTAIR,TURACO,0,0,0,1,1,0,0,0,0,0,0,0
CASANARE,OROCUE,INTEROIL COLOMBIA EXPLORATION AND PRODUCTION,LLA 47,VIKINGO,0,0,0,0,0,0,53,189,413,512,515,550
CASANARE,OROCUE,LAS QUINCHAS RESOURCE CORP.,E & P MORICHE,MAURITÍA ESTE,32,32,34,102,76,53,19,9,7,13,0,0
CASANARE,OROCUE,LAS QUINCHAS RESOURCE CORP.,E & P MORICHE,MAURITÍA NORTE,1459,1440,1393,1453,1659,1868,1573,1919,1664,1921,1561,1596
CASANARE,OROCUE,OIRU CORPORATION,NASHIRA,ALEPE,168,168,167,167,166,0,0,0,0,0,0,0
CASANARE,OROCUE,OIRU CORPORATION,NASHIRA,ALVA SUR,0,0,29,64,79,0,0,0,0,0,0,0
CASANARE,OROCUE,OIRU CORPORATION,NASHIRA,NASHIRA NORTE,913,882,925,742,828,0,0,0,0,0,0,0
CASANARE,OROCUE,PERENCO COLOMBIA LIMITED,ESTERO,GUANAPALO,0,12,103,110,105,88,117,130,124,124,130,125
CASANARE,OROCUE,PERENCO COLOMBIA LIMITED,GARCERO,CANDALAY,0,1,7,14,14,0,0,0,0,0,0,0
CASANARE,OROCUE,PERENCO COLOMBIA LIMITED,GARCERO,GUASAR,309,315,273,269,305,309,289,263,287,298,280,263
CASANARE,OROCUE,PERENCO COLOMBIA LIMITED,GARCERO,JORCAN,26,24,23,16,18,9,17,18,18,15,15,17
CASANARE,OROCUE,PERENCO COLOMBIA LIMITED,GARCERO,JORDÁN,815,752,712,704,731,627,639,593,596,614,564,576
CASANARE,OROCUE,PERENCO COLOMBIA LIMITED,GARCERO,PARAVARE,163,169,181,174,160,181,190,188,200,202,196,204
CASANARE,OROCUE,PERENCO COLOMBIA LIMITED,GARCERO,PIRITO,63,59,47,48,32,52,48,50,56,47,45,47
CASANARE,OROCUE,PERENCO COLOMBIA LIMITED,GARCERO,SARDINAS,805,742,697,694,769,876,833,940,746,995,1043,1072
CASANARE,OROCUE,PERENCO COLOMBIA LIMITED,OROCUE,GUARILAQUE,1509,1405,1592,1394,1353,1436,1377,1359,1390,1378,1369,1359
CASANARE,OROCUE,PERENCO COLOMBIA LIMITED,OROPENDOLA PERENCO,OROPÉNDOLA,150,152,139,153,193,178,174,174,176,153,144,134
CASANARE,OROCUE,PERENCO COLOMBIA LIMITED,OROPENDOLA PERENCO,VIREO,149,144,152,155,149,147,160,186,176,176,160,162
CASANARE,OROCUE,PETROMINERALES COLOMBIA LTD SUCURSAL COLOMBIA,CASANARE ESTE,CURITO,233,208,196,189,181,171,162,233,236,282,298,283
CASANARE,OROCUE,PETROMINERALES COLOMBIA LTD SUCURSAL COLOMBIA,MAPACHE,TUCUSO,0,0,0,0,47,384,404,361,177,147,110,152
CASANARE,OROCUE,SOGOMI ENERGY S.A.,NASHIRA,ALEPE,0,0,0,0,0,166,165,159,163,176,162,160
CASANARE,OROCUE,SOGOMI ENERGY S.A.,NASHIRA,ALVA SUR,0,0,0,0,0,80,79,18,0,0,0,0
CASANARE,OROCUE,SOGOMI ENERGY S.A.,NASHIRA,NASHIRA NORTE,0,0,0,0,0,772,737,759,867,985,842,868
CASANARE,OROCUE,VETRA EXPLORACION Y PRODUCCION COLOMBIA S.A.S.,CDNDI LA PUNTA,JUAPE,0,0,0,0,0,456,426,340,317,294,263,224
CASANARE,OROCUE,VETRA EXPLORACION Y PRODUCCION COLOMBIA S.A.S.,CDNDI LA PUNTA,SANTO DOMINGO,754,769,798,768,718,639,576,578,550,511,467,466
CASANARE,OROCUE,VETRA EXPLORACION Y PRODUCCION COLOMBIA S.A.S.,CDNDI LA PUNTA,SANTO DOMINGO NORTE,605,601,615,557,511,483,476,479,458,439,461,547
CASANARE,OROCUE,VETRA EXPLORACION Y PRODUCCION COLOMBIA S.A.S.,LA PUNTA - CDND/I - VETRA,JUAPE,372,386,494,479,470,0,0,0,0,0,0,0
CASANARE,PAZ DE ARIPORO,GEOPARK COLOMBIA S.A.S.,YAMU,YAMÚ,0,0,12,0,0,0,0,0,4,0,0,0
CASANARE,PAZ DE ARIPORO,GEOPARK COLOMBIA S.A.S.,LA CUERVA,CUERVA ESTE,2,0,0,0,0,0,0,0,0,0,0,0
CASANARE,PAZ DE ARIPORO,GEOPARK COLOMBIA S.A.S.,LA CUERVA,CUERVA NORESTE,49,71,68,63,66,62,58,58,57,57,56,56
CASANARE,PAZ DE ARIPORO,GEOPARK COLOMBIA S.A.S.,LA CUERVA,CUERVA OESTE,520,513,521,499,494,472,459,450,426,407,403,404
CASANARE,PAZ DE ARIPORO,GEOPARK COLOMBIA S.A.S.,LA CUERVA,CUERVA SUR,48,62,64,45,30,31,28,28,48,111,119,118
CASANARE,PAZ DE ARIPORO,NEW GRANADA ENERGY CORPORATION SUCURSAL COLOMBIA,DOROTEA,DOROTEA B,2529,2428,2300,2214,2093,2016,2195,2157,2091,2050,1980,1943
CASANARE,PAZ DE ARIPORO,NEW GRANADA ENERGY CORPORATION SUCURSAL COLOMBIA,LEONA,LEONA B,227,271,284,161,64,63,61,60,60,58,55,53
CASANARE,PAZ DE ARIPORO,NEW GRANADA ENERGY CORPORATION SUCURSAL COLOMBIA,LEONA,LEONA B NORTE,105,74,0,0,0,0,0,0,0,0,0,0
CASANARE,PAZ DE ARIPORO,NEW GRANADA ENERGY CORPORATION SUCURSAL COLOMBIA,LEONA,LEONA B SUR,125,118,116,113,94,87,81,81,82,81,80,80
CASANARE,PAZ DE ARIPORO,NEW GRANADA ENERGY CORPORATION SUCURSAL COLOMBIA,LEONA,LEONA C,44,44,41,39,40,39,38,33,33,32,32,31
CASANARE,PAZ DE ARIPORO,PACIFIC STRATUS ENERGY COLOMBIA CORP,E&E ARRENDAJO,AZOR,526,516,520,465,459,445,433,407,387,371,357,356
CASANARE,PAZ DE ARIPORO,PACIFIC STRATUS ENERGY COLOMBIA CORP,E&E ARRENDAJO,YAGUAZO,1645,1576,1536,1514,1499,1508,1509,1461,1404,1354,998,1083
CASANARE,PAZ DE ARIPORO,PAREX RESOURCES COLOMBIA LTD. SUCURSAL,E&P LLANOS 40,BEGONIA,768,760,718,688,662,639,633,593,573,548,539,527
CASANARE,PAZ DE ARIPORO,PERENCO COLOMBIA LIMITED,CASANARE,CAÑO GARZA,0,31,114,116,67,215,243,237,192,165,190,158
CASANARE,PAZ DE ARIPORO,PERENCO COLOMBIA LIMITED,CASANARE,CAÑO GARZA ESTE,160,271,284,264,303,296,279,276,257,251,254,247
CASANARE,PAZ DE ARIPORO,PERENCO COLOMBIA LIMITED,CASANARE,CAÑO GARZA NORTE,72,222,200,215,213,225,224,205,215,227,234,214
CASANARE,PAZ DE ARIPORO,PERENCO COLOMBIA LIMITED,ESTERO,ABEJAS,151,146,153,154,162,119,166,160,191,164,182,171
CASANARE,PAZ DE ARIPORO,PERENCO COLOMBIA LIMITED,ESTERO,CHAPARRITO,122,133,128,129,92,0,117,283,339,377,380,373
CASANARE,PAZ DE ARIPORO,TABASCO OIL COMPANY LLC,JAGUEYES,ANDALUZ,0,0,0,0,28,57,129,335,298,186,299,258
CASANARE,PENDIENTE CERTIFICADO IGAC,ECOPETROL S.A.,RECETOR EQUION,PAUTO SUR RECETOR,0,0,0,0,0,868,0,0,0,0,0,0
CASANARE,PENDIENTE CERTIFICADO IGAC,EQUION ENERGÍA LIMITED,RECETOR EQUION,PAUTO SUR RECETOR,0,0,0,0,726,0,726,0,0,0,0,0
CASANARE,PENDIENTE CERTIFICADO IGAC,GEOPARK COLOMBIA S.A.S.,E&P LLANOS 34,CHACHALACA,0,0,0,0,0,0,0,0,0,0,0,0
CASANARE,PENDIENTE CERTIFICADO IGAC,GEOPARK COLOMBIA S.A.S.,E&P LLANOS 34,CHIRICOCA,38,722,945,954,961,962,962,964,963,960,0,0
CASANARE,PENDIENTE CERTIFICADO IGAC,GEOPARK COLOMBIA S.A.S.,E&P LLANOS 34,JACANA,0,0,0,0,17483,17851,18871,19253,19847,20350,0,0
CASANARE,PENDIENTE CERTIFICADO IGAC,GEOPARK COLOMBIA S.A.S.,E&P LLANOS 34,CHIRICOCA,0,0,0,0,0,0,0,0,0,0,960,815
CASANARE,PENDIENTE CERTIFICADO IGAC,GEOPARK COLOMBIA S.A.S.,E&P LLANOS 34,JACANA,0,0,0,0,0,0,0,0,0,0,21326,20688
CASANARE,PORE,GEOPARK COLOMBIA S.A.S.,YAMU,CARUPANA,0,0,271,256,258,262,260,330,332,332,298,286
CASANARE,PORE,GEOPARK COLOMBIA S.A.S.,YAMU,POTRILLO,0,0,27,48,51,58,62,68,51,69,72,76
CASANARE,PORE,PAREX RESOURCES COLOMBIA LTD. SUCURSAL,E&P Llanos 16 Contrato # 45,KONA,393,336,268,30,0,0,0,0,0,24,0,0
CASANARE,SAN LUIS DE PALENQUE,CNE OIL & GAS S.A.S,E&P LLANOS 23,LEONO,366,371,370,350,352,294,294,289,167,163,159,262
CASANARE,SAN LUIS DE PALENQUE,CNE OIL & GAS S.A.S,E&P LLANOS 23,PANTRO,27,27,27,7,0,0,0,0,0,0,0,2
CASANARE,SAN LUIS DE PALENQUE,CNE OIL & GAS S.A.S,E&P LLANOS 23,TIGRO,36,36,36,23,0,11,18,16,14,15,15,15
CASANARE,SAN LUIS DE PALENQUE,PACIFIC STRATUS ENERGY COLOMBIA CORP,E&E CUBIRO,ARAUCO,96,92,87,84,81,75,73,73,74,74,71,70
CASANARE,SAN LUIS DE PALENQUE,PACIFIC STRATUS ENERGY COLOMBIA CORP,E&E CUBIRO,CARETO,306,306,282,273,267,265,259,259,265,255,231,218
CASANARE,SAN LUIS DE PALENQUE,PACIFIC STRATUS ENERGY COLOMBIA CORP,E&E CUBIRO,COPA,1830,2761,2513,2502,2615,2504,2347,2248,2111,1875,2193,2171
CASANARE,SAN LUIS DE PALENQUE,PACIFIC STRATUS ENERGY COLOMBIA CORP,E&E CUBIRO,COPA A NORTE,379,361,379,371,384,406,396,397,400,393,422,413
CASANARE,SAN LUIS DE PALENQUE,PACIFIC STRATUS ENERGY COLOMBIA CORP,E&E CUBIRO,COPA A SUR,227,210,186,193,183,176,157,142,133,127,115,87
CASANARE,SAN LUIS DE PALENQUE,PACIFIC STRATUS ENERGY COLOMBIA CORP,E&E CUBIRO,COPA B,379,353,343,274,261,261,251,248,243,229,214,203
CASANARE,SAN LUIS DE PALENQUE,PACIFIC STRATUS ENERGY COLOMBIA CORP,E&E CUBIRO,COPA C,278,271,284,285,292,269,266,265,254,251,114,50
CASANARE,SAN LUIS DE PALENQUE,PACIFIC STRATUS ENERGY COLOMBIA CORP,E&E CUBIRO,COPA D,748,759,735,689,741,715,654,659,615,598,599,571
CASANARE,SAN LUIS DE PALENQUE,PACIFIC STRATUS ENERGY COLOMBIA CORP,E&E CUBIRO,PETIRROJO,0,0,0,0,244,0,0,0,0,0,0,0
CASANARE,SAN LUIS DE PALENQUE,PACIFIC STRATUS ENERGY COLOMBIA CORP,E&E CUBIRO,PETIRROJO SUR,31,45,36,30,26,24,25,28,34,34,34,32
CASANARE,SAN LUIS DE PALENQUE,PACIFIC STRATUS ENERGY COLOMBIA CORP,E&E CUBIRO,TIJERETO,0,0,0,0,0,30,101,86,59,60,54,54
CASANARE,SAN LUIS DE PALENQUE,PAREX RESOURCES COLOMBIA LTD. SUCURSAL,E&P LLANOS 30,ADALIA,667,679,658,629,612,598,608,571,564,570,544,547
CASANARE,SAN LUIS DE PALENQUE,PAREX RESOURCES COLOMBIA LTD. SUCURSAL,E&P LOS OCARROS PAREX,LAS MARACAS,1721,1299,922,936,726,594,900,769,734,647,592,459
CASANARE,SAN LUIS DE PALENQUE,PERENCO COLOMBIA LIMITED,CASANARE,BARQUEREÑA,281,279,247,236,261,206,64,196,223,234,232,223
CASANARE,SAN LUIS DE PALENQUE,PERENCO COLOMBIA LIMITED,CASANARE,CRAVO ESTE,431,395,377,358,361,365,349,328,327,177,389,245
CASANARE,SAN LUIS DE PALENQUE,PERENCO COLOMBIA LIMITED,CASANARE,LA FLORA,435,439,410,364,393,380,416,419,421,386,394,395
CASANARE,SAN LUIS DE PALENQUE,PERENCO COLOMBIA LIMITED,COROCORA,CAÑO GANDUL,217,224,191,215,493,546,314,195,263,247,213,225
CASANARE,SAN LUIS DE PALENQUE,PERENCO COLOMBIA LIMITED,COROCORA,REMACHE NORTE,521,539,533,535,498,541,551,529,497,507,482,450
CASANARE,SAN LUIS DE PALENQUE,PERENCO COLOMBIA LIMITED,COROCORA,REMACHE SUR,277,269,239,253,244,208,236,238,234,235,135,149
CASANARE,SAN LUIS DE PALENQUE,PETROMINERALES COLOMBIA LTD SUCURSAL COLOMBIA,CASANARE ESTE,CURITO,183,163,154,149,142,135,129,183,186,222,234,223
CASANARE,TAURAMENA,CEPSA COLOMBIA S.A. - CEPCOLSA,GARIBAY,JILGUERO,653,627,608,684,540,490,448,389,301,282,407,414
CASANARE,TAURAMENA,CEPSA COLOMBIA S.A. - CEPCOLSA,GARIBAY,MELERO,0,0,0,0,0,0,0,0,0,0,140,160
CASANARE,TAURAMENA,CEPSA COLOMBIA S.A. - CEPCOLSA,TIPLE,JILGUERO SUR,577,561,516,493,494,468,447,431,410,424,443,440
CASANARE,TAURAMENA,ECOPETROL LLANOS,RIO CHITAMENA,CUSIANA,3051,2680,2603,2343,2203,0,0,0,0,0,0,0
CASANARE,TAURAMENA,ECOPETROL LLANOS,TAURAMENA,CUSIANA,2145,2227,1991,1941,1922,0,0,0,0,0,0,0
CASANARE,TAURAMENA,ECOPETROL S.A.,RIO CHITAMENA,CUSIANA,0,0,0,0,0,2098,2125,2846,1823,1461,1249,1414
CASANARE,TAURAMENA,ECOPETROL S.A.,TAURAMENA,CUSIANA,0,0,0,0,0,1998,2316,1853,2490,2252,2045,1991
CASANARE,TAURAMENA,GEOPARK COLOMBIA S.A.S.,E&P LLANOS 34,ARUCO,0,0,0,0,32,235,206,210,193,162,0,0
CASANARE,TAURAMENA,GEOPARK COLOMBIA S.A.S.,E&P LLANOS 34,CHACHALACA,121,42,0,0,0,0,0,0,0,0,0,0
CASANARE,TAURAMENA,GEOPARK COLOMBIA S.A.S.,E&P LLANOS 34,MAX,576,582,585,574,550,556,551,516,531,528,0,0
CASANARE,TAURAMENA,GEOPARK COLOMBIA S.A.S.,E&P LLANOS 34,TARO TARO,1065,1012,996,829,277,515,833,782,755,686,0,0
CASANARE,TAURAMENA,GEOPARK COLOMBIA S.A.S.,E&P LLANOS 34,TIGANA,7467,6843,8499,8442,7952,7367,7327,7419,7042,7255,0,0
CASANARE,TAURAMENA,GEOPARK COLOMBIA S.A.S.,E&P LLANOS 34,TIGANA NORTE,2914,2877,2828,2791,2746,2679,2678,2702,2989,4712,0,0
CASANARE,TAURAMENA,GEOPARK COLOMBIA S.A.S.,E&P LLANOS 34,TIGANA SUR,5320,7454,7457,7349,7498,7831,7445,7082,6878,6670,0,0
CASANARE,TAURAMENA,GEOPARK COLOMBIA S.A.S.,E&P LLANOS 34,TILO,548,548,498,472,451,429,421,424,561,590,0,0
CASANARE,TAURAMENA,GEOPARK COLOMBIA S.A.S.,E&P LLANOS 34,TUA,7970,7708,7964,8024,5293,6782,7396,6816,6832,6470,0,0
CASANARE,TAURAMENA,GEOPARK COLOMBIA S.A.S.,E&P LLANOS 34,ARUCO,0,0,0,0,0,0,0,0,0,0,177,164
CASANARE,TAURAMENA,GEOPARK COLOMBIA S.A.S.,E&P LLANOS 34,MAX,0,0,0,0,0,0,0,0,0,0,515,493
CASANARE,TAURAMENA,GEOPARK COLOMBIA S.A.S.,E&P LLANOS 34,TARO TARO,0,0,0,0,0,0,0,0,0,0,656,641
CASANARE,TAURAMENA,GEOPARK COLOMBIA S.A.S.,E&P LLANOS 34,TIGANA,0,0,0,0,0,0,0,0,0,0,5137,7006
CASANARE,TAURAMENA,GEOPARK COLOMBIA S.A.S.,E&P LLANOS 34,TIGANA NORTE,0,0,0,0,0,0,0,0,0,0,6534,8617
CASANARE,TAURAMENA,GEOPARK COLOMBIA S.A.S.,E&P LLANOS 34,TIGANA SUR,0,0,0,0,0,0,0,0,0,0,6629,6670
CASANARE,TAURAMENA,GEOPARK COLOMBIA S.A.S.,E&P LLANOS 34,TILO,0,0,0,0,0,0,0,0,0,0,556,537
CASANARE,TAURAMENA,GEOPARK COLOMBIA S.A.S.,E&P LLANOS 34,TUA,0,0,0,0,0,0,0,0,0,0,6106,5550
CASANARE,TAURAMENA,PETROMINERALES COLOMBIA LTD SUCURSAL COLOMBIA,Canaguaro E&P-016 del 2006,Canaguay,341,209,388,365,209,160,374,272,0,134,459,314
CASANARE,TAURAMENA,VERANO ENERGY (BARBADOS) LIMITED,E&P LLANOS 32,CALONA,780,752,814,803,793,778,816,842,813,898,927,965
CASANARE,TAURAMENA,VERANO ENERGY (BARBADOS) LIMITED,E&P LLANOS 32,CARMENTEA,448,424,391,380,366,354,343,329,316,304,293,283
CASANARE,TAURAMENA,VERANO ENERGY (BARBADOS) LIMITED,E&P LLANOS 32,KANANASKIS,241,235,225,215,209,220,214,113,88,87,86,83
CASANARE,TRINIDAD,LEWIS ENERGY COLOMBIA INC,GUACHIRIA,LOS ACEITES,0,0,0,0,0,0,0,40,116,135,161,170
CASANARE,TRINIDAD,LEWIS ENERGY COLOMBIA INC,GUACHIRIA SUR,AGAVE,0,0,0,5,2,0,0,0,0,0,0,0
CASANARE,TRINIDAD,LEWIS ENERGY COLOMBIA INC,GUACHIRIA SUR,AZAFRÁN,0,0,0,685,571,0,0,0,820,708,585,535
CASANARE,TRINIDAD,LEWIS ENERGY COLOMBIA INC,GUACHIRIA SUR,TULIPÁN,586,533,483,460,407,389,380,373,361,334,315,298
CASANARE,TRINIDAD,PACIFIC STRATUS ENERGY COLOMBIA CORP,E&E CUBIRO,PETIRROJO,256,255,235,223,0,242,222,206,214,221,213,193
CASANARE,TRINIDAD,PACIFIC STRATUS ENERGY COLOMBIA CORP,E&E CUBIRO,YOPO,60,56,56,51,50,50,47,40,35,36,39,27
CASANARE,TRINIDAD,PERENCO COLOMBIA LIMITED,COROCORA,COREN,2048,2025,1928,1716,1845,1796,1703,1626,1548,1464,1431,1337
CASANARE,TRINIDAD,PERENCO COLOMBIA LIMITED,COROCORA,COROCORA,454,479,473,486,482,482,473,448,447,463,223,352
CASANARE,TRINIDAD,PERENCO COLOMBIA LIMITED,COROCORA,CORSUR,210,193,165,145,130,133,123,117,118,117,109,103
CASANARE,TRINIDAD,PERENCO COLOMBIA LIMITED,ESTERO,LOS TOROS,78,78,70,48,61,55,41,40,40,41,42,42
CASANARE,TRINIDAD,PERENCO COLOMBIA LIMITED,GARCERO,PALMARITO,236,242,228,239,226,164,196,244,233,247,233,227
CASANARE,TRINIDAD,PERENCO COLOMBIA LIMITED,GARCERO,SIRENAS,57,45,47,31,29,23,38,37,35,35,39,37
CASANARE,TRINIDAD,PERENCO COLOMBIA LIMITED,YALEA,TRINIDAD,797,770,729,725,781,767,760,765,730,763,731,625
CASANARE,VILLA NUEVA,GEOPARK COLOMBIA S.A.S.,E&P LLANOS 34,JACAMAR,0,0,0,0,0,0,0,0,78,0,0,0
CASANARE,VILLA NUEVA,GEOPARK COLOMBIA S.A.S.,E&P LLANOS 34,JACANA,12474,12302,13796,14186,0,0,0,0,0,0,0,0
CASANARE,VILLA NUEVA,GEOPARK COLOMBIA S.A.S.,E&P LLANOS 34,CURUCUCÚ,0,0,0,0,0,0,0,53,1364,1417,958,719
CASANARE,VILLA NUEVA,GEOPARK COLOMBIA S.A.S.,E&P LLANOS 34,JACAMAR,0,0,0,0,0,587,477,275,0,0,0,0
CASANARE,VILLA NUEVA,GEOPARK COLOMBIA S.A.S.,E&P LLANOS 34,TIGANA SUR,0,0,0,0,0,0,0,0,0,0,499,1880
CASANARE,VILLA NUEVA,PAREX RESOURCES COLOMBIA LTD. SUCURSAL,CABRESTERO PAREX,AKIRA,2397,2096,1756,1998,1670,1512,1492,1452,1828,1810,1737,1579
CASANARE,VILLA NUEVA,PAREX RESOURCES COLOMBIA LTD. SUCURSAL,CABRESTERO PAREX,BACANO,326,544,178,1869,2687,816,4074,3147,1511,4340,3947,1817
CASANARE,VILLA NUEVA,PAREX RESOURCES COLOMBIA LTD. SUCURSAL,CABRESTERO PAREX,KITARO,120,90,59,54,30,8,8,1,0,0,0,0
CASANARE,VILLA NUEVA,PETROMINERALES COLOMBIA LTD SUCURSAL COLOMBIA,CORCEL,CARUTO,426,411,398,393,377,377,368,366,354,357,350,339
CASANARE,YOPAL,CANACOL ENERGY COLOMBIA S.A.,RANCHO HERMOSO ACUERDO PART CASANARE,RANCHO HERMOSO,0,0,0,0,647,599,707,670,642,522,448,448
CASANARE,YOPAL,CANACOL ENERGY COLOMBIA S.A.,RANCHO HERMOSO ACUERDO PART CASANARE-CANACOL,RANCHO HERMOSO 4,674,662,644,650,0,0,0,0,0,0,0,0
CASANARE,YOPAL,COLOMBIA ENERGY DEVELOPMENT CO.,CEE RIO VERDE,BORAL,0,0,0,0,77,142,134,233,265,270,267,275
CASANARE,YOPAL,COLOMBIA ENERGY DEVELOPMENT CO.,CEE RIO VERDE,MARSUPIAL,0,0,265,268,115,284,258,207,143,131,110,74
CASANARE,YOPAL,COLOMBIA ENERGY DEVELOPMENT CO.,CEE RIO VERDE,TILODIRÁN,1871,2404,1604,1899,2447,2237,2395,2324,2179,1797,1575,1559
CASANARE,YOPAL,ECOPETROL S.A.,RECETOR EQUION,PAUTO SUR RECETOR,0,0,0,0,0,0,0,680,647,672,741,733
CASANARE,YOPAL,ECOPETROL S.A.,RECETOR EQUION,VOLCANERA,0,0,0,0,0,91,0,89,89,94,95,97
CASANARE,YOPAL,EMERALD ENERGY PLC SUCURSAL COLOMBIA,CAMPO RICO,LAS ACACIAS,0,0,0,0,0,0,0,0,0,0,0,0
CASANARE,YOPAL,EMERALD ENERGY PLC SUCURSAL COLOMBIA,CAMPO RICO,LOS POTROS,0,0,0,0,0,0,0,0,0,12,0,0
CASANARE,YOPAL,EMERALD ENERGY PLC SUCURSAL COLOMBIA,CAMPO RICO,VIGIA,222,210,224,266,249,272,345,355,390,385,382,381
CASANARE,YOPAL,EQUION ENERGÍA LIMITED,PIEDEMONTE EQUION,FLOREÑA,7976,7994,7908,7004,7510,7394,6566,5563,6826,7806,6934,6498
CASANARE,YOPAL,EQUION ENERGÍA LIMITED,PIEDEMONTE EQUION,FLOREÑA MIRADOR,2898,3356,3338,3144,2986,2832,3236,3073,3015,3096,3012,2556
CASANARE,YOPAL,EQUION ENERGÍA LIMITED,PIEDEMONTE EQUION,PAUTO SUR,28665,29373,29207,28378,33077,29803,31083,31402,28459,29287,29144,30446
CASANARE,YOPAL,EQUION ENERGÍA LIMITED,RECETOR EQUION,PAUTO SUR RECETOR,928,915,899,817,0,0,0,0,0,0,0,0
CASANARE,YOPAL,EQUION ENERGÍA LIMITED,RECETOR EQUION,VOLCANERA,93,94,93,89,75,0,83,0,0,0,0,0
CASANARE,YOPAL,PERENCO COLOMBIA LIMITED,CASANARE,LA GLORIA NORTE,813,784,750,730,688,662,636,634,592,566,551,559
CASANARE,YOPAL,PERENCO COLOMBIA LIMITED,CASANARE,MORICHAL,60,345,361,353,276,332,331,314,307,305,300,295
CASANARE,YOPAL,PERENCO COLOMBIA LIMITED,CASANARE,TOCARIA,285,342,265,280,385,431,374,370,355,345,363,384
CAUCA,PIAMONTE,ECOPETROL S.A.,SANTANA ECOPETROL,MARY,265,267,262,240,0,0,0,0,0,0,0,0
CAUCA,PIAMONTE,ECOPETROL S.A.,SANTANA ECOPETROL,MIRAFLOR,85,87,88,65,0,0,0,0,0,0,0,0
CAUCA,PIAMONTE,GRAN TIERRA ENERGY COLOMBIA LTD,GUAYUYACO,GUAYUYACO,552,515,612,601,646,611,626,534,513,559,536,551
CAUCA,PIAMONTE,GRAN TIERRA ENERGY COLOMBIA LTD,SANTANA GT,MARY,0,0,0,22,257,256,253,172,150,141,175,172
CAUCA,PIAMONTE,GRAN TIERRA ENERGY COLOMBIA LTD,SANTANA GT,MIRAFLOR,0,0,0,7,88,87,84,85,86,86,61,79
CESAR,AGUACHICA,CANACOL ENERGY COLOMBIA S.A.,E&P SANTA ISABEL,OSO PARDO,159,158,161,155,152,155,184,174,154,92,110,188
CESAR,AGUACHICA,CANACOL ENERGY COLOMBIA S.A.,VMM2 CANACOL,MONO ARAÑA,0,0,27,3,0,0,0,296,630,535,728,613
CESAR,AGUACHICA,ECOPETROL S.A.,OPERACION DIRECTA - LEBRIJA,DOÑA MARÍA,24,28,27,8,16,28,27,25,22,3,4,4
CESAR,AGUACHICA,LEWIS ENERGY COLOMBIA INC,Contrato E&P N° 39 de 2009 - VMM,CARAMELO,38,51,37,36,70,45,57,28,33,14,14,17
CESAR,RIO DE ORO,GRAN TIERRA ENERGY COLOMBIA LTD,E&P MIDAS,CHUIRA,0,0,0,0,0,0,0,151,139,67,33,22
CESAR,RIO DE ORO,PETROLEOS DEL NORTE S.A,E&P MIDAS,CHUIRA,236,191,147,63,74,0,0,0,0,0,0,0
CESAR,RIO DE ORO,PETROLEOS DEL NORTE S.A,TISQUIRAMA B,LOS ANGELES,578,615,820,726,819,753,716,795,804,620,576,650
CESAR,RIO DE ORO,PETROLEOS DEL NORTE S.A,TISQUIRAMA B,QUERUBÍN,39,38,139,143,82,81,79,82,83,79,79,80
CESAR,RIO DE ORO,UNION TEMPORAL MIDAS,E&P MIDAS,CHUIRA,0,0,0,0,0,71,118,0,0,0,0,0
CESAR,SAN MARTÍN,CONOCOPHILLIPS COLOMBIA VENTURES LIMITED,VMM3 ADICIONAL,PICOPLATA,0,8,7,0,29,0,22,0,0,0,0,0
CESAR,SAN MARTÍN,ECOPETROL S.A.,TISQUIRAMA-C,SAN ROQUE,2142,2178,2134,2113,2031,1975,1864,1884,1746,1760,1807,1687
CESAR,SAN MARTÍN,ECOPETROL S.A.,TISQUIRAMA-C,TISQUIRAMA,776,812,785,759,811,897,874,881,751,737,905,828
CESAR,SAN MARTÍN,GRAN TIERRA ENERGY COLOMBIA LTD,E&P MIDAS,ACORDIONERO,0,0,0,0,0,0,0,10547,11498,12724,14793,16423
CESAR,SAN MARTÍN,GRAN TIERRA ENERGY COLOMBIA LTD,E&P MIDAS,ZOE,0,0,0,0,0,0,0,3,3,0,0,12
CESAR,SAN MARTÍN,PETROLEOS DEL NORTE S.A,E&P MIDAS,ACORDIONERO,6522,6086,6040,7106,8144,0,0,0,0,0,0,0
CESAR,SAN MARTÍN,UNION TEMPORAL MIDAS,E&P MIDAS,ACORDIONERO,0,0,0,0,0,9956,10353,0,0,0,0,0
CESAR,SAN MARTÍN,UNION TEMPORAL MIDAS,E&P MIDAS,ZOE,0,0,0,0,0,0,24,0,0,0,0,0
CESAR,SAN MARTÍN,UNION TEMPORAL MIDAS,E&P MIDAS,MOCHUELO,0,0,0,0,0,0,0,85,194,0,0,0
CORDOBA,PUEBLO NUEVO,GEOPRODUCTION OIL AND GAS COMPANY OF COLOMBIA,ESPERANZA,NELSON,0,0,0,0,2,4,3,2,2,1,1,1
CUNDINAMARCA,GUADUAS,PACIFIC STRATUS ENERGY COLOMBIA CORP,DINDAL - RIO SECO,GUADUAS,200,200,190,177,172,0,0,0,0,0,163,158
CUNDINAMARCA,GUADUAS,SIPETROL S.A.,DINDAL - RIO SECO,GUADUAS,0,0,0,0,0,170,169,167,164,163,0,0
CUNDINAMARCA,PUERTO SALGAR,CINCO RANCH PETROLEUM COLOMBIA INC SUCURSAL COLOMBIA.,BOCACHICO,TORCAZ,27,26,25,26,33,34,34,34,35,2,0,0
CUNDINAMARCA,PULI,HOCOL S.A.,PULI HOCOL,PULI,127,120,96,61,61,50,57,56,65,87,86,51
DEPARTAMENTO NN,MUNICIPIO NN,EMERALD ENERGY PLC SUCURSAL COLOMBIA,OMBU,CAPELLA,0,0,0,0,0,0,39,83,0,0,0,0
HUILA,AIPE,ECOPETROL ALTO MAGDALENA,PALERMO ECOPETROL,BALCÓN,969,964,1009,993,985,0,0,0,0,0,0,0
HUILA,AIPE,ECOPETROL ALTO MAGDALENA,PIJAO POTRERILLO,ARRAYÁN,614,624,616,603,584,0,0,0,0,0,0,0
HUILA,AIPE,ECOPETROL ALTO MAGDALENA,PIJAO POTRERILLO,BRISAS,77,77,107,125,123,0,0,0,0,0,0,0
HUILA,AIPE,ECOPETROL ALTO MAGDALENA,PIJAO POTRERILLO,DINA CRETÁCEOS,504,506,463,401,393,0,0,0,0,0,0,0
HUILA,AIPE,ECOPETROL ALTO MAGDALENA,PIJAO POTRERILLO,DINA TERCIARIOS,4536,4574,4128,4037,4106,0,0,0,0,0,0,0
HUILA,AIPE,ECOPETROL ALTO MAGDALENA,PIJAO POTRERILLO,TEMPRANILLO,280,301,312,308,302,0,0,0,0,0,0,0
HUILA,AIPE,ECOPETROL ALTO MAGDALENA,PIJAO POTRERILLO,TEMPRANILLO NORTE,215,195,197,180,167,0,0,0,0,0,0,0
HUILA,AIPE,ECOPETROL ALTO MAGDALENA,PIJAO POTRERILLO,TENAY,497,479,505,424,344,0,0,0,0,0,0,0
HUILA,AIPE,ECOPETROL S.A.,PALERMO ECOPETROL,BALCÓN,0,0,0,0,0,914,973,983,997,978,925,958
HUILA,AIPE,ECOPETROL S.A.,PIJAO POTRERILLO,ARRAYÁN,0,0,0,0,0,564,549,530,520,499,477,464
HUILA,AIPE,ECOPETROL S.A.,PIJAO POTRERILLO,BRISAS,0,0,0,0,0,122,117,121,122,116,119,124
HUILA,AIPE,ECOPETROL S.A.,PIJAO POTRERILLO,DINA CRETÁCEOS,0,0,0,0,0,426,437,460,462,436,440,425
HUILA,AIPE,ECOPETROL S.A.,PIJAO POTRERILLO,DINA NORTE,0,0,0,0,0,0,0,0,0,296,518,516
HUILA,AIPE,ECOPETROL S.A.,PIJAO POTRERILLO,DINA TERCIARIOS,0,0,0,0,0,4113,3828,3945,3940,3628,3531,3650
HUILA,AIPE,ECOPETROL S.A.,PIJAO POTRERILLO,TEMPRANILLO,0,0,0,0,0,310,280,305,294,299,305,308
HUILA,AIPE,ECOPETROL S.A.,PIJAO POTRERILLO,TEMPRANILLO NORTE,0,0,0,0,0,175,178,162,193,200,193,180
HUILA,AIPE,ECOPETROL S.A.,PIJAO POTRERILLO,TENAY,0,0,0,0,0,338,432,445,442,447,435,423
HUILA,BARAYA,ECOPETROL ALTO MAGDALENA,HUILA 35,ANDALUCIA SUR,79,95,92,94,92,0,0,0,0,0,0,0
HUILA,BARAYA,ECOPETROL S.A.,HUILA 35,ANDALUCIA SUR,0,0,0,0,0,89,83,63,63,50,30,45
HUILA,GARZON,EMERALD ENERGY PLC SUCURSAL COLOMBIA,MATAMBO,GIGANTE,0,0,0,0,0,0,0,0,0,1,0,40
HUILA,GARZON,EMERALD ENERGY PLC SUCURSAL COLOMBIA,MATAMBO,GIGANTE CABALLOS,0,2,8,16,61,0,0,0,0,0,0,0
HUILA,NEIVA,ECOPETROL ALTO MAGDALENA,PALERMO ECOPETROL,SAN FRANCISCO,3030,2869,2827,2740,2763,0,0,0,0,0,0,0
HUILA,NEIVA,ECOPETROL ALTO MAGDALENA,PIJAO POTRERILLO,CEBÚ,184,184,192,154,179,0,0,0,0,0,0,0
HUILA,NEIVA,ECOPETROL ALTO MAGDALENA,PIJAO POTRERILLO,PALOGRANDE,1266,1383,1463,1407,1413,0,0,0,0,0,0,0
HUILA,NEIVA,ECOPETROL ALTO MAGDALENA,PIJAO POTRERILLO,PALOGRANDE HONDA,158,154,161,156,153,0,0,0,0,0,0,0
HUILA,NEIVA,ECOPETROL ALTO MAGDALENA,PIJAO POTRERILLO,PIJAO POTRERILLO,153,176,166,132,128,0,0,0,0,0,0,0
HUILA,NEIVA,ECOPETROL ALTO MAGDALENA,TELLO,LA JAGUA,54,53,50,55,49,0,0,0,0,0,0,0
HUILA,NEIVA,ECOPETROL ALTO MAGDALENA,TELLO,TELLO,4833,4897,4852,4770,4688,0,0,0,0,0,0,0
HUILA,NEIVA,ECOPETROL S.A.,CAGUAN ECOPETROL,ESPINO,16,15,14,12,14,13,15,13,12,13,12,12
HUILA,NEIVA,ECOPETROL S.A.,CAGUAN ECOPETROL,RIO CEIBAS,1169,1155,1280,1200,1130,1062,1127,1040,1056,1127,1046,788
HUILA,NEIVA,ECOPETROL S.A.,PALERMO ECOPETROL,SAN FRANCISCO,0,0,0,0,0,2703,2695,2851,2694,2474,2507,2831
HUILA,NEIVA,ECOPETROL S.A.,PIJAO POTRERILLO,CEBÚ,0,0,0,0,0,181,159,171,161,150,139,141
HUILA,NEIVA,ECOPETROL S.A.,PIJAO POTRERILLO,PALOGRANDE,0,0,0,0,0,1429,1274,1256,1173,1218,1203,1159
HUILA,NEIVA,ECOPETROL S.A.,PIJAO POTRERILLO,PALOGRANDE HONDA,0,0,0,0,0,144,151,147,140,142,147,135
HUILA,NEIVA,ECOPETROL S.A.,PIJAO POTRERILLO,PIJAO POTRERILLO,0,0,0,0,0,140,181,193,174,166,144,153
HUILA,NEIVA,ECOPETROL S.A.,TELLO,LA JAGUA,0,0,0,0,0,53,54,52,55,52,54,52
HUILA,NEIVA,ECOPETROL S.A.,TELLO,TELLO,0,0,0,0,0,4855,4737,4538,4404,4646,4826,4578
HUILA,PAICOL,HOCOL S.A.,SAN JACINTO,LA CAÑADA NORTE,1695,1653,1658,1639,1618,1561,1525,1500,1501,1486,1458,1465
HUILA,PALERMO,ECOPETROL ALTO MAGDALENA,PALERMO ECOPETROL,PALERMO,190,156,131,132,133,0,0,0,0,0,0,0
HUILA,PALERMO,ECOPETROL ALTO MAGDALENA,PALERMO ECOPETROL,SAN FRANCISCO,2022,1944,1913,2007,1958,0,0,0,0,0,0,0
HUILA,PALERMO,ECOPETROL ALTO MAGDALENA,PIJAO POTRERILLO,SANTA CLARA,610,473,585,616,604,0,0,0,0,0,0,0
HUILA,PALERMO,ECOPETROL S.A.,PALERMO ECOPETROL,PALERMO,0,0,0,0,0,125,158,163,130,147,148,111
HUILA,PALERMO,ECOPETROL S.A.,PALERMO ECOPETROL,SAN FRANCISCO,0,0,0,0,0,1972,1943,1975,1934,1804,1774,1953
HUILA,PALERMO,ECOPETROL S.A.,PIJAO POTRERILLO,SANTA CLARA,0,0,0,0,0,633,767,656,702,753,0,0
HUILA,PALERMO,ECOPETROL S.A.,SANTA CLARA,SANTA CLARA,0,0,0,0,0,0,0,0,0,0,729,702
HUILA,TESALIA,HOCOL S.A.,RIO PAEZ,LA HOCHA,910,1023,906,942,1000,914,950,1063,730,680,925,926
HUILA,VILLAVIEJA,ECOPETROL ALTO MAGDALENA,PIJAO POTRERILLO,LOMA LARGA,553,458,418,451,437,0,0,0,0,0,0,0
HUILA,VILLAVIEJA,ECOPETROL S.A.,PIJAO POTRERILLO,LOMA LARGA,0,0,0,0,0,276,409,376,236,373,491,487
HUILA,YAGUARA,ECOPETROL S.A.,HOBO ECOPETROL,YAGUARA,1871,1847,1827,1810,1809,1759,1926,2105,2061,2074,2297,2296
MAGDALENA,ARIGUANI,PETROLEOS SUD AMERICANOS SUCURSAL COLOMBIA,EL DIFÍCIL,EL DIFÍCIL,204,230,257,257,230,254,246,235,223,204,192,164
MAGDALENA,SANTA ANA,PACIFIC STRATUS ENERGY COLOMBIA CORP,E&P GUAMA,CAPURE,0,0,1,0,2,1,1,0,0,0,0,0
MAGDALENA,SANTA ANA,PACIFIC STRATUS ENERGY COLOMBIA CORP,E&P GUAMA,COTORRA,2,7,3,6,1,7,3,2,1,16,1,1
MAGDALENA,SANTA ANA,PACIFIC STRATUS ENERGY COLOMBIA CORP,E&P GUAMA,MANAMO,26,18,13,8,12,10,7,6,10,8,3,2
MAGDALENA,SANTA ANA,PACIFIC STRATUS ENERGY COLOMBIA CORP,E&P GUAMA,PEDERNALITO,6,6,9,7,4,3,3,2,1,2,3,3
META,ACACIAS,ECOPETROL LLANOS,CUBARRAL,CASTILLA NORTE,39570,38993,35958,39852,0,0,0,0,0,0,0,0
META,ACACIAS,ECOPETROL LLANOS,CUBARRAL,CHICHIMENE,51804,50660,42229,50879,51325,0,0,0,0,0,0,0
META,ACACIAS,ECOPETROL LLANOS,CUBARRAL,CHICHIMENE SW,423,384,516,614,607,0,0,0,0,0,0,0
META,ACACIAS,ECOPETROL S.A.,CPO-9,AKACIAS,3752,4492,4186,6088,4956,5447,5579,6571,6774,6732,6285,6282
META,ACACIAS,ECOPETROL S.A.,CUBARRAL,CASTILLA,0,0,0,0,292,491,756,1171,422,0,0,0
META,ACACIAS,ECOPETROL S.A.,CUBARRAL,CASTILLA NORTE,0,0,0,0,42548,44013,40178,45274,41894,43335,43245,44582
META,ACACIAS,ECOPETROL S.A.,CUBARRAL,CHICHIMENE,0,0,0,0,0,50849,50911,50234,51477,50001,48187,49584
META,ACACIAS,ECOPETROL S.A.,CUBARRAL,CHICHIMENE SW,0,0,0,0,0,568,653,727,670,475,590,517
META,BARRANCA DE UPIA,PETROMINERALES COLOMBIA LTD SUCURSAL COLOMBIA,CORCEL,CORCEL A,0,0,0,0,0,198,227,338,385,403,426,412
META,BARRANCA DE UPIA,PETROMINERALES COLOMBIA LTD SUCURSAL COLOMBIA,CORCEL,CORCEL C,181,196,260,317,348,370,378,377,382,380,374,370
META,BARRANCA DE UPIA,PETROMINERALES COLOMBIA LTD SUCURSAL COLOMBIA,CORCEL,ESPADARTE,160,152,146,135,133,130,141,139,128,125,119,119
META,CABUYARO,ONGC VIDESH LIMITED SUCURSAL COLOMBIANA,CPO-5,MARIPOSA,0,0,0,0,259,0,0,0,0,0,942,3073
META,CABUYARO,PAREX RESOURCES COLOMBIA LTD. SUCURSAL,CERRERO,KATMANDÚ NORTE,0,281,42,0,0,0,0,0,0,0,0,0
META,CABUYARO,PETROMINERALES COLOMBIA LTD SUCURSAL COLOMBIA,CORCEL,COBRA,359,356,337,314,304,307,316,285,283,293,304,305
META,CABUYARO,PETROMINERALES COLOMBIA LTD SUCURSAL COLOMBIA,CORCEL,CORCEL D,408,548,642,629,595,580,583,483,455,435,282,400
META,CABUYARO,PETROMINERALES COLOMBIA LTD SUCURSAL COLOMBIA,CORCEL,CORCEL E,388,386,401,404,397,402,407,411,402,244,202,368
META,CABUYARO,PETROMINERALES COLOMBIA LTD SUCURSAL COLOMBIA,CORCEL,ESPADARTE,29,28,28,28,27,27,26,23,23,23,24,24
META,CABUYARO,PETROMINERALES COLOMBIA LTD SUCURSAL COLOMBIA,CORCEL,GUALA,86,0,0,0,0,0,0,0,0,0,0,0
META,CABUYARO,PETROMINERALES COLOMBIA LTD SUCURSAL COLOMBIA,CORCEL,MAMBO,1,0,0,0,0,0,0,0,0,0,0,0
META,CABUYARO,PETROMINERALES COLOMBIA LTD SUCURSAL COLOMBIA,CORCEL,TAYA,0,33,21,0,0,0,0,0,0,0,0,0
META,CABUYARO,PETROMINERALES COLOMBIA LTD SUCURSAL COLOMBIA,GUATIQUIA,Alligator,0,0,0,0,0,0,0,0,0,0,0,79
META,CABUYARO,PETROMINERALES COLOMBIA LTD SUCURSAL COLOMBIA,GUATIQUIA,ARDILLA,140,97,89,94,1517,1782,1597,1402,1278,1185,1049,660
META,CABUYARO,PETROMINERALES COLOMBIA LTD SUCURSAL COLOMBIA,GUATIQUIA,AVISPA,11371,12058,12291,12571,12205,12159,12157,11830,11254,10736,10008,9306
META,CABUYARO,PETROMINERALES COLOMBIA LTD SUCURSAL COLOMBIA,GUATIQUIA,CANDELILLA,2060,2066,1940,1872,2071,1832,1514,1745,1857,1809,1751,1732
META,CABUYARO,PETROMINERALES COLOMBIA LTD SUCURSAL COLOMBIA,GUATIQUIA,CEIBO,1909,1779,1687,1316,1647,1863,1868,1888,2055,2053,1941,1843
META,CABUYARO,PETROMINERALES COLOMBIA LTD SUCURSAL COLOMBIA,GUATIQUIA,YATAY,381,402,555,516,441,432,437,459,452,459,468,534
META,CASTILLA NUEVA,ECOPETROL LLANOS,CUBARRAL,CASTILLA,75880,76070,74167,74477,0,0,0,0,0,0,0,0
META,CASTILLA NUEVA,ECOPETROL LLANOS,CUBARRAL,CASTILLA ESTE,164,329,282,285,0,0,0,0,0,0,0,0
META,CASTILLA NUEVA,ECOPETROL S.A.,CUBARRAL,CASTILLA,0,0,0,0,72433,71216,73776,68498,66752,70307,69506,68951
META,CASTILLA NUEVA,ECOPETROL S.A.,CUBARRAL,CASTILLA ESTE,0,0,0,0,303,331,351,417,369,382,382,383
META,CASTILLA NUEVA,ECOPETROL S.A.,CUBARRAL,CASTILLA NORTE,0,0,0,0,35,30,0,0,0,0,0,0
META,GUAMAL,ECOPETROL LLANOS,CUBARRAL,CHICHIMENE,994,1084,904,984,949,0,0,0,0,0,0,0
META,GUAMAL,ECOPETROL LLANOS,CUBARRAL,CHICHIMENE SW,19674,20894,17541,20149,19769,0,0,0,0,0,0,0
META,GUAMAL,ECOPETROL S.A.,CUBARRAL,CHICHIMENE,0,0,0,0,0,716,679,382,383,319,576,754
META,GUAMAL,ECOPETROL S.A.,CUBARRAL,CHICHIMENE SW,0,0,0,0,0,19921,19917,18724,18471,19018,19416,19520
META,PENDIENTE CERTIFICADO IGAC,TECPETROL COLOMBIA S.A.S.,CPO-07,ATARRAYA OESTE,265,276,146,163,0,0,0,0,86,104,92,87
META,PUERTO GAITAN,CEPSA COLOMBIA S.A. - CEPCOLSA,CARACARA,CARACARA SUR A,3150,2947,2857,2907,2999,2864,2639,3010,2916,3025,2964,3055
META,PUERTO GAITAN,CEPSA COLOMBIA S.A. - CEPCOLSA,CARACARA,CARACARA SUR B Y C,1986,2159,2066,1912,1934,2099,2055,2043,2051,2152,2109,2101
META,PUERTO GAITAN,CEPSA COLOMBIA S.A. - CEPCOLSA,CARACARA,ELIZITA,1413,1331,1211,1151,1085,1096,1139,1201,1222,1302,1194,1114
META,PUERTO GAITAN,CEPSA COLOMBIA S.A. - CEPCOLSA,CARACARA,PEGUITA,2116,2041,2281,2356,2216,2111,2178,2236,2233,2076,2124,2043
META,PUERTO GAITAN,CEPSA COLOMBIA S.A. - CEPCOLSA,CARACARA,PEGUITA II,522,553,792,547,382,426,577,659,727,850,866,984
META,PUERTO GAITAN,CEPSA COLOMBIA S.A. - CEPCOLSA,CARACARA,PEGUITA III,3307,3463,3231,2678,2910,3229,3150,2898,2641,2780,2622,2609
META,PUERTO GAITAN,CEPSA COLOMBIA S.A. - CEPCOLSA,CARACARA,PEGUITA SW,2073,1800,1778,1679,2098,1983,1967,1925,1850,1582,1658,1631
META,PUERTO GAITAN,CEPSA COLOMBIA S.A. - CEPCOLSA,CARACARA,RANCHO QUEMADO,150,163,160,143,147,147,146,150,148,141,134,144
META,PUERTO GAITAN,CEPSA COLOMBIA S.A. - CEPCOLSA,CARACARA,TORO SENTADO,207,247,232,221,202,176,184,195,197,183,170,180
META,PUERTO GAITAN,CEPSA COLOMBIA S.A. - CEPCOLSA,CARACARA,TORO SENTADO NORTE,278,283,284,283,276,289,280,283,283,281,296,276
META,PUERTO GAITAN,CEPSA COLOMBIA S.A. - CEPCOLSA,CARACARA,TORO SENTADO WEST,229,224,201,204,213,216,204,155,136,142,152,145
META,PUERTO GAITAN,CEPSA COLOMBIA S.A. - CEPCOLSA,CARACARA,UNUMA,278,319,279,262,241,207,184,269,242,220,232,152
META,PUERTO GAITAN,ECOPETROL LLANOS,RUBIALES ECOPETROL,RUBIALES,119195,118909,117572,117127,113973,0,0,0,0,0,0,0
META,PUERTO GAITAN,ECOPETROL S.A.,CAÑO SUR E&P,CAÑO SUR,61,61,65,58,104,112,125,201,144,112,95,0
META,PUERTO GAITAN,ECOPETROL S.A.,CAÑO SUR E&P,CAÑO SUR ESTE,0,0,0,0,0,0,0,0,0,0,0,1852
META,PUERTO GAITAN,ECOPETROL S.A.,CAÑO SUR E&P,EMBRUJO,0,4,266,128,94,63,54,11,16,13,1,0
META,PUERTO GAITAN,ECOPETROL S.A.,CAÑO SUR E&P,FAUNO,927,961,1042,963,964,961,913,833,950,1371,1484,0
META,PUERTO GAITAN,ECOPETROL S.A.,CAÑO SUR E&P,MITO,181,180,192,186,187,203,203,179,181,180,134,0
META,PUERTO GAITAN,ECOPETROL S.A.,RUBIALES ECOPETROL,RUBIALES,0,0,0,0,0,113931,119515,119104,121671,121684,120770,121275
META,PUERTO GAITAN,HOCOL S.A.,E&E GUARROJO,GUARROJO,931,949,919,918,871,860,831,810,780,741,466,715
META,PUERTO GAITAN,HOCOL S.A.,E&E GUARROJO,OCELOTE,11338,11158,10790,10565,10745,10816,10839,11026,11216,11163,7315,10189
META,PUERTO GAITAN,HOCOL S.A.,E&E GUARROJO,PINTADO,2092,2118,2490,2522,2284,2099,2005,1976,1970,1901,1384,1877
META,PUERTO GAITAN,META PETROLEUM CORP,CPE-6,HAMACA,1039,1209,1155,1248,1370,1394,835,1112,1132,1350,1380,1293
META,PUERTO GAITAN,META PETROLEUM CORP,E&P SABANERO,SABANERO,686,696,669,584,0,0,0,0,0,0,0,0
META,PUERTO GAITAN,META PETROLEUM CORP,QUIFA,AMBAR,1705,1685,1659,1648,1437,1558,1562,1602,1622,1445,1402,1647
META,PUERTO GAITAN,META PETROLEUM CORP,QUIFA,OPALO,641,586,534,511,531,545,563,567,564,936,1023,935
META,PUERTO GAITAN,META PETROLEUM CORP,QUIFA,QUIFA,44244,46950,47356,46414,45152,45139,43982,42985,42940,42970,43581,45416
META,PUERTO GAITAN,NEW GRANADA ENERGY CORPORATION SUCURSAL COLOMBIA,CABIONA,CABIONA,891,879,878,872,850,844,842,807,817,815,802,796
META,PUERTO GAITAN,TECPETROL COLOMBIA S.A.S.,CPO-07,ATARRAYA,478,476,442,437,420,411,403,391,381,364,371,343
META,PUERTO GAITAN,TECPETROL COLOMBIA S.A.S.,CPO-13,PENDARE,792,1312,1321,1252,1236,1200,1132,1052,1001,985,972,1819
META,PUERTO LLERAS,PETROMINERALES COLOMBIA LTD SUCURSAL COLOMBIA,RIO ARIARI,LAPON,0,0,0,0,0,0,4,17,0,0,0,0
META,PUERTO LOPEZ,BC EXPLORACIÓN Y PRODUCCIÓN DE HIDROCARBUROS SL,LLANOS 66,JUANITO,0,0,0,0,0,0,0,8,0,0,0,0
META,PUERTO LOPEZ,ECOPETROL LLANOS,ALMAGRO_ECOPETROL,ALMAGRO,109,121,121,112,117,0,0,0,0,0,0,0
META,PUERTO LOPEZ,ECOPETROL LLANOS,VALDIVIA ECOPETROL,VALDIVIA ALMAGRO,238,227,214,245,0,0,0,0,0,0,0,0
META,PUERTO LOPEZ,ECOPETROL S.A.,VALDIVIA ECOPETROL,VALDIVIA ALMAGRO,0,0,0,0,256,0,0,0,0,0,0,0
META,PUERTO LOPEZ,HUPECOL OPERATING CO LLC,E&P LLANOS 58,LLANOS-58-4,2131,2038,1827,1839,1956,1807,2141,2510,2298,2316,2359,2255
META,PUERTO LOPEZ,Iberoamericana de Hidrocarburos CQ Exploración y Producción S.A.S.,VALDIVIA/ALMAGRO IH,ALMAGRO,0,0,0,0,1,117,114,114,176,191,229,256
META,PUERTO LOPEZ,Iberoamericana de Hidrocarburos CQ Exploración y Producción S.A.S.,VALDIVIA/ALMAGRO IH,VALDIVIA ALMAGRO,0,0,0,0,3,259,261,260,245,238,237,235
META,SAN MARTÍN,BC EXPLORACIÓN Y PRODUCCIÓN DE HIDROCARBUROS SL,LLANOS 33,IRACA,0,0,0,0,0,50,0,0,0,0,0,0
META,SAN MARTÍN,ECOPETROL LLANOS,CDND CAMOA _ECOPETROL,CAMOA,33,32,32,32,27,0,0,0,0,0,0,0
META,SAN MARTÍN,ECOPETROL S.A.,CDND CAMOA _ECOPETROL,CAMOA,0,0,0,0,0,1,0,0,0,0,0,0
META,SAN MARTÍN,ECOPETROL S.A.,CPO-11,VENUS,0,0,0,35,26,0,146,285,0,0,0,0
META,SAN MARTÍN,HUPECOL OPERATING CO LLC,CPO-11,VENUS,0,0,0,0,0,0,0,0,332,91,19,243
META,VILLAVICENCIO,ECOPETROL S.A.,APIAY,APIAY,4012,4376,4209,3987,3615,3811,3882,3658,3454,3719,3550,3654
META,VILLAVICENCIO,ECOPETROL S.A.,APIAY,APIAY ESTE,477,378,508,427,377,426,425,460,442,398,403,500
META,VILLAVICENCIO,ECOPETROL S.A.,APIAY,AUSTRAL,116,120,77,87,83,113,19,48,97,87,84,66
META,VILLAVICENCIO,ECOPETROL S.A.,APIAY,GAVAN,1628,1555,1710,1635,1664,1605,1742,1713,1586,1540,1344,1540
META,VILLAVICENCIO,ECOPETROL S.A.,APIAY,GUATIQUIA,2835,2758,2523,2623,2623,2725,3063,2929,2572,2470,2503,2575
META,VILLAVICENCIO,ECOPETROL S.A.,APIAY,LIBERTAD NORTE,34,261,181,175,142,130,181,162,134,118,120,154
META,VILLAVICENCIO,ECOPETROL S.A.,APIAY,POMPEYA,7,8,10,17,15,7,6,7,7,8,8,9
META,VILLAVICENCIO,ECOPETROL S.A.,APIAY,SURIA,3224,3075,2682,2843,2566,2625,2598,2781,2683,2721,2522,2477
META,VILLAVICENCIO,ECOPETROL S.A.,APIAY,SURIA SUR,1047,1170,1269,1049,1127,1193,1290,1187,1205,1210,1090,1278
META,VILLAVICENCIO,ECOPETROL S.A.,APIAY,TANANE,47,45,45,50,50,51,47,45,37,42,66,113
NARIÑO,IPIALES,ECOPETROL D. SUR,ORITO,SUCUMBIOS,285,318,218,297,333,0,0,0,0,0,0,0
NARIÑO,IPIALES,ECOPETROL S.A.,ORITO,SUCUMBIOS,0,0,0,0,0,175,73,289,319,326,281,270
NORTE DE SANTANDER,CUCUTA,ECOPETROL S.A.,ZULIA,RIO ZULIA,445,449,446,411,387,421,449,447,459,0,0,0
NORTE DE SANTANDER,CUCUTA,Iberoamericana de Hidrocarburos CQ Exploración y Producción S.A.S.,ZULIA,RIO ZULIA,0,0,0,0,0,0,0,0,0,435,423,241
NORTE DE SANTANDER,LA ESPERANZA,ECOPETROL S.A.,PAVAS CACHIRA,PAVAS CACHIRA,54,53,54,54,52,54,50,52,53,51,54,54
NORTE DE SANTANDER,SARDINATA,WATTLE PETROLEUM COMPANY S.A.S,BLOQUE CARBONERA,CERRO GORDO,0,0,0,0,0,0,0,0,0,0,0,0
NORTE DE SANTANDER,TIBU,ECOPETROL S.A.,BARCO,SARDINATA,126,128,134,138,137,128,132,89,112,153,158,170
NORTE DE SANTANDER,TIBU,ECOPETROL S.A.,BARCO,TIBÚ,2583,2421,2557,2514,2569,2560,2502,2573,2640,2567,2364,2452
PUTUMAYO,MOCOA,ECOPETROL S.A.,SANTANA ECOPETROL,TOROYACO,257,185,124,107,0,0,0,0,0,0,0,0
PUTUMAYO,MOCOA,GRAN TIERRA ENERGY COLOMBIA LTD,CHAZA,MOQUETA,6069,6457,6185,5907,5424,5470,5237,4784,4467,4459,4318,4186
PUTUMAYO,MOCOA,GRAN TIERRA ENERGY COLOMBIA LTD,SANTANA GT,TOROYACO,0,0,0,10,119,136,162,156,151,153,148,113
PUTUMAYO,ORITO,ECOPETROL D. SUR,ORITO,CARIBE,754,737,720,690,716,0,0,0,0,0,0,0
PUTUMAYO,ORITO,ECOPETROL D. SUR,ORITO,CHURUYACO,692,571,413,305,207,0,0,0,0,0,0,0
PUTUMAYO,ORITO,ECOPETROL D. SUR,ORITO,ORITO,2784,2748,2699,2601,2481,0,0,0,0,0,0,0
PUTUMAYO,ORITO,ECOPETROL D. SUR,ORITO,SAN ANTONIO,100,209,217,192,121,0,0,0,0,0,0,0
PUTUMAYO,ORITO,ECOPETROL D. SUR,ORITO,SUCIO,52,55,56,56,55,0,0,0,0,0,0,0
PUTUMAYO,ORITO,ECOPETROL S.A.,ORITO,CARIBE,0,0,0,0,0,701,695,695,693,647,625,628
PUTUMAYO,ORITO,ECOPETROL S.A.,ORITO,CHURUYACO,0,0,0,0,0,248,500,382,366,234,212,262
PUTUMAYO,ORITO,ECOPETROL S.A.,ORITO,ORITO,0,0,0,0,0,2154,2207,2490,2585,2230,2159,2535
PUTUMAYO,ORITO,ECOPETROL S.A.,ORITO,SAN ANTONIO,0,0,0,0,0,130,222,233,178,182,180,124
PUTUMAYO,ORITO,ECOPETROL S.A.,ORITO,SUCIO,0,0,0,0,0,54,49,51,33,0,0,1
PUTUMAYO,PENDIENTE CERTIFICADO IGAC,GRAN TIERRA ENERGY COLOMBIA LTD,PUT-7,CONFIANZA,0,0,82,3,459,372,0,0,0,0,0,0
PUTUMAYO,PUERTO ASIS,AMERISUR EXPLORACION COLOMBIA LTD,PLATANILLO,PLATANILLO,4026,4262,4345,4845,4792,4576,2356,5834,4022,6172,5768,6029
PUTUMAYO,PUERTO ASIS,ECOPETROL D. SUR,ORITO,QUILILI,211,208,210,141,168,0,0,0,0,0,0,0
PUTUMAYO,PUERTO ASIS,ECOPETROL S.A.,ORITO,QUILILI,0,0,0,0,0,273,294,293,274,121,113,244
PUTUMAYO,PUERTO ASIS,GRAN TIERRA ENERGY COLOMBIA LTD,PUT-7,ALPHA,27,41,25,0,0,0,0,26,0,0,0,0
PUTUMAYO,PUERTO ASIS,GRAN TIERRA ENERGY COLOMBIA LTD,PUT-7,CUMPLIDOR,507,60,0,0,0,51,1287,1015,0,0,0,0
PUTUMAYO,PUERTO ASIS,GRAN TIERRA INTERNATIONAL (COLOMBIA) CORP,PUT-7,ALPHA,0,0,0,0,0,0,0,0,41,21,0,0
PUTUMAYO,PUERTO ASIS,GRAN TIERRA INTERNATIONAL (COLOMBIA) CORP,PUT-7,CUMPLIDOR,0,0,0,0,0,0,0,0,1075,925,564,1215
PUTUMAYO,PUERTO ASIS,VETRA EXPLORACION Y PRODUCCION COLOMBIA S.A.S.,CPI SUR ORIENTE,COHEMBI,3191,3010,3074,3810,4378,5543,5648,4762,5168,6591,4969,6487
PUTUMAYO,PUERTO ASIS,VETRA EXPLORACION Y PRODUCCION COLOMBIA S.A.S.,CPI SUR ORIENTE,QUILLACINGA,934,898,945,891,793,767,775,764,682,991,670,693
PUTUMAYO,PUERTO ASIS,VETRA EXPLORACION Y PRODUCCION COLOMBIA S.A.S.,CPI SUR ORIENTE,QUINDE,1018,1019,897,820,810,813,829,829,880,852,672,798
PUTUMAYO,PUERTO CAICEDO,ECOPETROL D. SUR,ORITO,CENCELLA,0,0,0,0,18,0,0,0,0,0,0,0
PUTUMAYO,PUERTO CAICEDO,ECOPETROL D. SUR,ORITO,MANSOYA,159,164,166,164,127,0,0,0,0,0,0,0
PUTUMAYO,PUERTO CAICEDO,ECOPETROL D. SUR,ORITO,YURILLA,107,174,162,115,151,0,0,0,0,0,0,0
PUTUMAYO,PUERTO CAICEDO,ECOPETROL S.A.,ORITO,MANSOYA,0,0,0,0,0,444,462,433,367,369,331,293
PUTUMAYO,PUERTO CAICEDO,ECOPETROL S.A.,ORITO,YURILLA,0,0,0,0,0,256,211,269,134,0,0,0
PUTUMAYO,SAN MIGUEL,ECOPETROL D. SUR,ORITO,ACAE SAN MIGUEL,1579,1613,1610,1577,1554,0,0,0,0,0,0,0
PUTUMAYO,SAN MIGUEL,ECOPETROL D. SUR,ORITO,LORO,58,55,35,29,51,0,0,0,0,0,0,0
PUTUMAYO,SAN MIGUEL,ECOPETROL S.A.,ORITO,ACAE SAN MIGUEL,0,0,0,0,0,1565,1605,1594,1556,1553,1528,1433
PUTUMAYO,SAN MIGUEL,ECOPETROL S.A.,ORITO,LORO,0,0,0,0,0,51,30,23,949,531,713,625
PUTUMAYO,VALLE DEL GUAMUEZ,ECOPETROL D. SUR,ORITO,HORMIGA,54,46,58,51,8,0,0,0,0,0,0,0
PUTUMAYO,VALLE DEL GUAMUEZ,ECOPETROL D. SUR,ORITO,LORO,663,597,647,545,554,0,0,0,0,0,0,0
PUTUMAYO,VALLE DEL GUAMUEZ,ECOPETROL S.A.,ORITO,HORMIGA,0,0,0,0,0,8,68,72,71,14,13,5
PUTUMAYO,VALLE DEL GUAMUEZ,ECOPETROL S.A.,ORITO,LORO,0,0,0,0,0,612,450,488,473,476,498,484
PUTUMAYO,VILLAGARZON,GRAN TIERRA ENERGY COLOMBIA LTD,CHAZA,COSTAYACO,12826,11279,12173,11328,11673,11549,10942,10382,9801,9810,9115,8793
PUTUMAYO,VILLAGARZON,GRAN TIERRA ENERGY COLOMBIA LTD,GUAYUYACO,JUANAMBU,392,433,384,383,400,421,427,391,386,362,390,357
PUTUMAYO,VILLAGARZON,GRAN TIERRA ENERGY COLOMBIA LTD,PUT-1,VONU,0,0,0,0,0,0,1025,1667,1885,1909,1829,2003
SANTANDER,BARRANCABERMEJA,ECOPETROL S.A.,DE MARES,GALA,1226,1177,1217,1272,1264,1121,1083,1034,935,983,993,933
SANTANDER,BARRANCABERMEJA,ECOPETROL S.A.,DE MARES,GALÁN,647,649,684,653,605,589,585,610,631,526,454,465
SANTANDER,BARRANCABERMEJA,ECOPETROL S.A.,DE MARES,INFANTAS,10464,10538,10991,11430,0,0,0,0,0,0,0,0
SANTANDER,BARRANCABERMEJA,ECOPETROL S.A.,DE MARES,LA CIRA,29310,28516,28647,27819,0,0,0,0,0,0,0,0
SANTANDER,BARRANCABERMEJA,ECOPETROL S.A.,DE MARES,LLANITO,1763,1821,1910,2018,2005,1849,1807,1708,1645,1831,1892,1890
SANTANDER,BARRANCABERMEJA,ECOPETROL S.A.,LA CIRA INFANTAS,INFANTAS,0,0,0,0,9062,11200,11485,11514,12293,12677,13218,13542
SANTANDER,BARRANCABERMEJA,ECOPETROL S.A.,LA CIRA INFANTAS,LA CIRA,0,0,0,0,22005,26877,28016,28255,28524,28385,29867,31052
SANTANDER,BOLIVAR,KAPPA RESOURCES COLOMBIA LTD.,LAS QUINCHAS,BAÚL,0,0,0,0,0,10,27,0,0,0,0,0
SANTANDER,BOLIVAR,LAS QUINCHAS RESOURCE CORP.,LAS QUINCHAS,BAÚL,0,0,16,27,22,0,0,0,0,0,0,0
SANTANDER,BOLIVAR,PACIFIC STRATUS ENERGY COLOMBIA CORP,LAS QUINCHAS,BAÚL,0,0,0,0,0,0,0,24,23,22,22,7
SANTANDER,CIMITARRA,GAS PETROLEO Y DERIVADOS DE COLOMBIA S.A.S PETROCOLOMBIA S.A.S,OPON,OPÓN,33,32,31,30,28,29,29,28,26,25,20,11
SANTANDER,CIMITARRA,KAPPA RESOURCES COLOMBIA LTD.,LAS QUINCHAS,ACACIA ESTE,0,0,0,0,0,4,2,0,0,0,0,0
SANTANDER,CIMITARRA,LAS QUINCHAS RESOURCE CORP.,LAS QUINCHAS,ACACIA ESTE,0,0,3,5,5,0,0,0,0,0,0,0
SANTANDER,CIMITARRA,MANSAROVAR ENERGY COLOMBIA LTD,NARE ASOCIACION,CHICALA,49,30,0,0,0,0,0,0,0,0,0,0
SANTANDER,CIMITARRA,PACIFIC STRATUS ENERGY COLOMBIA CORP,LAS QUINCHAS,ACACIA ESTE,0,0,0,0,0,0,0,3,2,2,4,2
SANTANDER,EL CARMEN DE CHUCURI,ECOPETROL S.A.,DE MARES,SAN LUIS,50,53,51,52,52,51,50,51,50,51,49,49
SANTANDER,MUNICIPIO NN SANTANDER,CONSORCIO CAMPOS DE PRODUCCIÓN - CCP,TOCA,TOCA,0,0,0,0,0,34,32,0,0,0,0,0
SANTANDER,MUNICIPIO NN SANTANDER,ECOPETROL S.A.,TOCA,TOCA,43,39,32,30,33,0,0,33,34,33,34,34
SANTANDER,PUERTO WILCHES,ECOPETROL S.A.,YARIGUI-CANTAGALLO,YARIGUÍ-CANTAGALLO,5687,5571,5697,5492,5389,5269,5092,4779,4500,4389,4114,4476
SANTANDER,PUERTO WILCHES,ECOPETROL S.A.,YARIGUI-GARZAS,GARZAS,123,121,123,120,121,120,120,32,0,0,0,0
SANTANDER,RIONEGRO,AMERISUR EXPLORACION COLOMBIA LTD,E&P FENIX,FENIX,1,2,1,2,2,2,2,2,0,0,0,0
SANTANDER,RIONEGRO,ECOPETROL S.A.,PLAYON,BORANDA,0,5,56,34,0,0,0,0,0,0,0,0
SANTANDER,RIONEGRO,ECOPETROL S.A.,PROVINCIA,BONANZA,2216,2191,2237,2207,2247,0,0,0,0,0,0,0
SANTANDER,RIONEGRO,ECOPETROL S.A.,PROVINCIA-C,BONANZA,0,0,0,0,0,2162,2238,2169,2150,2123,2062,1904
SANTANDER,RIONEGRO,GRAN TIERRA ENERGY COLOMBIA LTD,E&P LA PALOMA,COLÓN,0,0,0,0,0,0,0,215,215,217,214,232
SANTANDER,RIONEGRO,GRAN TIERRA ENERGY COLOMBIA LTD,E&P LA PALOMA,GAITERO,0,0,0,0,0,0,0,0,0,1,0,0
SANTANDER,RIONEGRO,GRAN TIERRA ENERGY COLOMBIA LTD,E&P LA PALOMA,JUGLAR,0,0,0,0,0,0,0,70,0,0,1,179
SANTANDER,RIONEGRO,PETROLEOS DEL NORTE S.A,E&P LA PALOMA,COLÓN,121,82,84,185,271,259,227,0,0,0,0,0
SANTANDER,RIONEGRO,PETROLEOS DEL NORTE S.A,E&P LA PALOMA,JUGLAR,141,141,140,141,142,142,142,0,0,0,0,0
SANTANDER,SABANA DE TORRES,ECOPETROL S.A.,CRISTALINA,CRISTALINA,0,76,122,125,130,128,126,107,39,0,0,39
SANTANDER,SABANA DE TORRES,ECOPETROL S.A.,PLAYON,AULLADOR,304,275,140,208,553,527,485,397,431,419,418,417
SANTANDER,SABANA DE TORRES,ECOPETROL S.A.,PROVINCIA,PROVINCIA,3509,3231,3044,2988,2907,2999,2985,2791,2775,2694,2601,2576
SANTANDER,SABANA DE TORRES,PETROSANTANDER (COLOMBIA) INC.,EL PIÑAL,LIEBRE,68,60,63,61,58,56,52,51,52,56,52,54
SANTANDER,SABANA DE TORRES,PETROSANTANDER (COLOMBIA) INC.,LAS MONAS,CORAZÓN,43,34,31,35,28,34,35,34,31,30,31,21
SANTANDER,SABANA DE TORRES,PETROSANTANDER (COLOMBIA) INC.,LAS MONAS,CORAZÓN WEST,240,261,200,195,220,229,192,168,207,203,206,197
SANTANDER,SABANA DE TORRES,PETROSANTANDER (COLOMBIA) INC.,LAS MONAS,LA SALINA,1221,1221,1203,1219,1270,1281,1248,1193,1181,1178,1204,1155
SANTANDER,SABANA DE TORRES,PETROSANTANDER (COLOMBIA) INC.,LAS MONAS,PAYOA,608,595,595,561,567,518,493,491,522,513,535,488
SANTANDER,SABANA DE TORRES,PETROSANTANDER (COLOMBIA) INC.,LAS MONAS,PAYOA WEST,7,6,6,6,7,7,6,6,5,5,6,6
SANTANDER,SAN VICENTE DE CHUCURI,ECOPETROL S.A.,Convenio de Explotación Lisama-Nutria,LISAMA-NORTE,33,32,30,25,24,29,29,27,23,20,20,18
SANTANDER,SAN VICENTE DE CHUCURI,ECOPETROL S.A.,Convenio de Explotación Lisama-Nutria,NUTRIA,0,0,0,0,0,1232,0,0,0,0,0,0
SANTANDER,SAN VICENTE DE CHUCURI,ECOPETROL S.A.,DE MARES,COLORADO,0,86,118,132,128,123,145,136,121,119,111,156
SANTANDER,SAN VICENTE DE CHUCURI,ECOPETROL S.A.,DE MARES,COYOTE,0,0,0,0,0,0,0,0,0,8,0,0
SANTANDER,SAN VICENTE DE CHUCURI,ECOPETROL S.A.,DE MARES,LISAMA,835,783,757,882,824,755,681,731,854,912,933,967
SANTANDER,SAN VICENTE DE CHUCURI,ECOPETROL S.A.,DE MARES,NUTRIA,1357,1315,1256,1220,1173,0,1219,1247,1240,1249,1240,1196
SANTANDER,SAN VICENTE DE CHUCURI,ECOPETROL S.A.,DE MARES,TESORO,275,254,248,239,237,230,267,257,255,240,229,236
SANTANDER,SIMACOTA,ECOPETROL S.A.,DE MARES,AGUAS BLANCAS,45,121,0,11,9,70,294,302,294,302,236,221
SUCRE,LOS PALMITOS,PACIFIC STRATUS ENERGY COLOMBIA CORP,LA CRECIENTE,LA CRECIENTE,5,6,4,5,5,4,4,4,3,3,3,5
SUCRE,OVEJAS,HOCOL S.A.,E&P SAMAN,BONGA,2,8,7,7,6,8,7,7,2,7,7,6
SUCRE,OVEJAS,HOCOL S.A.,E&P SAMAN,MAMEY,17,23,22,23,24,27,29,26,16,28,30,28
SUCRE,SAN PEDRO,PACIFIC STRATUS ENERGY COLOMBIA CORP,LA CRECIENTE,APAMATE,0,0,0,0,0,0,0,0,0,0,0,0
SUCRE,SAN PEDRO,PACIFIC STRATUS ENERGY COLOMBIA CORP,LA CRECIENTE,LA CRECIENTE,6,6,4,4,4,4,4,4,3,3,3,4
SUCRE,SAN PEDRO,PACIFIC STRATUS ENERGY COLOMBIA CORP,LA CRECIENTE,LA CRECIENTE I,2,0,0,0,0,0,0,0,0,0,0,0
TOLIMA,ALVARADO,HOCOL S.A.,ARMERO HOCOL,TOTARE,35,31,44,31,27,6,0,0,0,0,0,0
TOLIMA,CHAPARRAL,HOCOL S.A.,TOLIMA B HOCOL,RÍO SALDAÑA,217,213,210,205,204,173,221,210,210,203,204,195
TOLIMA,ESPINAL,KAPPA RESOURCES COLOMBIA LTD.,ABANICO,ABANICO,0,0,0,0,0,711,674,0,0,0,0,0
TOLIMA,ESPINAL,PACIFIC STRATUS ENERGY COLOMBIA CORP,ABANICO,ABANICO,813,823,780,787,718,0,0,594,587,685,728,624
TOLIMA,GUAMO,LAS QUINCHAS RESOURCE CORP.,GUASIMO,LISA,0,0,0,0,5,5,2,1,0,1,1,1
TOLIMA,MELGAR,PERENCO COLOMBIA LIMITED,BOQUERON,GUANDO,7592,7366,7346,7327,7047,0,0,0,0,0,0,0
TOLIMA,MELGAR,PERENCO COLOMBIA LIMITED,BOQUERON,GUANDO SW,2456,3286,3735,3379,2801,0,0,0,0,0,0,0
TOLIMA,MELGAR,PERENCO OIL AND GAS COLOMBIA LIMITED.,BOQUERON,GUANDO,0,0,0,0,0,6732,6730,6501,6720,6393,6670,6708
TOLIMA,MELGAR,PERENCO OIL AND GAS COLOMBIA LIMITED.,BOQUERON,GUANDO SW,0,0,0,0,0,3083,2902,2924,2827,2639,2531,2451
TOLIMA,ORTEGA,HOCOL S.A.,CPI ORTEGA OTROSI 1,ORTEGA,0,98,196,188,203,216,290,434,407,363,341,293
TOLIMA,ORTEGA,HOCOL S.A.,CPI ORTEGA OTROSI 1,PACANDE,0,10,580,474,445,421,408,415,436,503,453,424
TOLIMA,ORTEGA,HOCOL S.A.,CPI ORTEGA OTROSI 1,TOLDADO,0,529,283,268,399,435,518,580,602,648,712,754
TOLIMA,ORTEGA,HOCOL S.A.,CPI ORTEGA OTROSI 1,TOY,0,0,0,0,9,0,3,15,10,0,0,0
TOLIMA,PIEDRAS,HOCOL S.A.,PULI HOCOL,TOQUI TOQUI,456,450,491,485,474,464,456,447,483,465,464,461
TOLIMA,PIEDRAS,INTEROIL COLOMBIA EXPLORATION AND PRODUCTION,AMBROSIA,AMBROSÍA,34,32,33,31,40,36,33,26,22,32,49,39
TOLIMA,PIEDRAS,INTEROIL COLOMBIA EXPLORATION AND PRODUCTION,MANA,MANÁ,714,697,715,689,674,677,660,641,656,620,611,594
TOLIMA,PIEDRAS,INTEROIL COLOMBIA EXPLORATION AND PRODUCTION,RIO OPIA,RÍO OPIA,35,39,36,35,40,41,39,36,38,37,34,31
TOLIMA,PRADO,HOCOL S.A.,ESPINAL - HOCOL,MATACHÍN SUR,310,287,260,214,183,220,125,91,275,343,312,293
TOLIMA,PURIFICACIÓN,HOCOL S.A.,CHENCHE HOCOL,CHENCHE,60,55,54,52,51,50,50,51,50,46,47,50
TOLIMA,PURIFICACIÓN,HOCOL S.A.,ESPINAL - HOCOL,MATACHÍN NORTE,2219,2201,2157,2172,2132,2083,2081,2091,1981,1931,1800,1803
TOLIMA,PURIFICACIÓN,HOCOL S.A.,ESPINAL - HOCOL,MATACHÍN SUR,359,349,337,309,298,272,269,422,251,237,245,236
TOLIMA,PURIFICACIÓN,HOCOL S.A.,ESPINAL - HOCOL,PURIFICACIÓN,130,127,124,122,121,122,118,115,116,116,516,662
